id,type,text1,text2,text3,text4,notes
water_giant,PLANET,A Neptune-like world placed in habitable zone. Its characteristics are wholly alien and surface uninhabitable as it generally does not exist. Tempests and waves of death terrorise the landscape. The atmosphere is generally toxic to humans if not absolutely lethal.,,,,
fire_giant,PLANET,A hot Jupiter of sort. This planet's internal clouds are thick layers of boiling metals. Floating about. Incredibly hot. This entire world is nothing but death and endless destruction. Only a madman would dare venture into its hellish embrace in seek of amicability.,,,,
barren,PLANET,A dwarf planet devoid of water or significant geological activity. Possibly of foam-like texture. Exposed to the radiation of space. It breathes in the fumes of solar wind. A perfect place to establish a base of operations if one does not wish to be bothered by the consequences of an atmosphere.,,,,
rocky_ice,PLANET,A barren world operating in very great distance from its primary or without a primary at all. Mild amounts of snow and ice are deposited on its dead surface that whispers the tales of creation.,,"A barren world operating in very great distance from its primary or without a primary at all. Mild amounts of snow and ice are deposited on top of enormous ravines that whisper the tales of creation. Dots mark the surface. Hundreds of thousands, millions years ago hit by stone or ice. An echo of infinity playing a for deaf tune. To elaborate. Worlds like these were most likely formed with very little volatile or organic content. Translating to a bitter chocolate of wealth of primitive industrial kind.",,
barren-bombarded,PLANET,A large world living next to its primary in a proximity of such that its atmosphere was stripped by intense solar winds. Possibly catalysed by the lack of a proper magnetic field. Or just a very weak atmosphere to begin with.,,"The mottled curve of the planet turns below you. The lighter regolith is pocked with ancient impact craters, the darker lava seas less densely marked but riven nonetheless by evidence of their own cataclysmic creation.",,
lava,PLANET,"Gravitational affect of nearby bodies and the incomprehensible heat of the star deposited upon this world is causing it to rip its internal composure. Leaving valuable resources to be harvested. The battered lit surface, most often tidally-locked releases metal vapour that then journeys towards the other side to rain there as bastard blades.",,,,
lava_minor,PLANET,A planet of ash. Volcanic activity has destroyed this world. Or possibly shielded it from absolute destruction. Black cover prevents the sun from being seen. And the soil below is covered in a thick layer of preserving material. Figures of things that were in the past. Could be perfectly replicated if there are any. Who knows what stories could be told of things that make as much as sense as we do to others inhabiting this endless maze?,,,,A visibly disturbed world that emits significant amounts of gases that form its toxic or relatively toxic atmosphere. The soil is entirely terraformed towards satanic content. Whatever hope there was of establishing a habitable conflux was crushed. Whatever cataclysm awakened this state of affairs. It will not be on its own or by the help of mankind reverted for the duration of upwards to tens of thousands of years. And even then all that'll remain will be a blackened by ash ground of hollow conveyance.
terran-eccentric,PLANET,A planet born of Domain's interference or possibly natural circumstances. A slow spin heats up a part of the planet enough to make it of habitable temperatures. Whilst the rest is buried in quasi-eternal darkness.,,,,An often tidally-locked planet that has a biosphere reaping the benefit of geo-architectural or lack there of competence. Worlds like these are common. As it happens so that very much a half of cold creates the perfect state for life to flourish. Existing here biohazarads can be quite intimidating as primitive as they are. Forming a surface that may be afflicted with the presence of terran analogues. But also often not. As it can be simply too stupid to be economically feasible even for us.
rocky_metallic,PLANET,A silent and bitter cthonian world that stayed or migrated towards where it is. Incredible structures of diamond and metal can be found on its surface. Accessible or not. Planets of this kind often posses a significant gravitational pull.,,,,
rocky_unstable,PLANET,A world of intense tectonic activity capable of sustaining a thin or massive atmosphere depending on its size and composition. Planets like these can operate in close proximity to their stars. But not close enough as to have their surface melt. They can be a delicious source of valuable resources. As long as one dares to stand their amazing hate.,,,,
jungle,PLANET,"A world of alien lifeforms of fortunately primitive kind. Incomprehensible floraic, fungal and microbial structures corrupt its surface. Feeding the cycle of death and rebirth. The soil could have been prepared by an unbeknownst period of activity. Or not. With habitants quite hostile if it was.",,,,
water,PLANET,A simple world of high content of water orbiting close enough to its primary to have it be in a liquid state. Planets like these were once seen as good candidates for alien life. But repeated expeditions to such found only a dead empty ocean of absolutely nothing but philosophically aggressive null void.,,,,
toxic,PLANET,"An exceptionally dense atmosphere chokes this world in heat of certain kind. Habitats can be built above its surface, above its endless clouds to breath in the perfectly attuned by natural occurrences atmosphere. Whilst the places deep below can be extracted for boundless gains.",,,,
irradiated,PLANET,A rare planet type humanity wasn't exactly aware of before it has seen one from up close. The perfect storm of radiation being absorbed by its competent atmosphere is causing a slow emitting of heat which creates acceptable temperatures. These kind of worlds can be easily adapted for convenient human habitation. As long as modern medicine provides resolutions for horrifically carcinogenic environments.,,,,
tundra,PLANET,"A planet operating in habitable zone with a competent atmospheric composition that is undergoing a cooler period. Monstrous continental glaciers have devoured the landscape, reflecting most of the sunlight. Contributing to a cascading climate phenomena shifting it towards a visible extreme.",,,,
arid,PLANET,The atmosphere of this planet is rich in carbon dioxide and methane. Causing it to have a potent global warming effect that paired with its non-reflective surface has pushed it towards being quite horrid to live on.,,,,
,,,,,,
planet_marko,CUSTOM,Marko was a prison colony once. But after the Collapse it was restructured into a proper society by failing local command. Eventual cooperation between the individuals repressed for trying to rebel against the Domain and the Domain's servants who realised they were for now abandoned. And then forever seemingly. Created a place of some cartoonish camaraderie. But in the end they were all assimilated by Hegemony. And thus these bonds were quickly overwritten by standard military pulse from above.,,The atmosphere of Marko was almost entirely of hydrogen. Meaning it wasn't fit to breathe by humans. The water beneath does have composition of some sorts that allow certain Domain-made organisms to grow down there. Thus allowing for the existence of aquaculture. Though the exploitation of infinite depths makes local acquaculture have as much in common with that of old Earth as growing tomatoes with growing radiation-immunised oaks in space's vacuum.,,
planet_lamar,CUSTOM,"Lamar was found covered in ruins of unknown origin. Presumed to be mining facilities left over by the Domain. Their architecture however seems quite odd. Pointing to some unidentified corporation of quite hipsterish culture. Tri-Tachyon denied any involvement. To investigate what is exactly going on here, Hegemony has constructed habitats and imported some people to analyse the deadly Lamar's surface. Its conventional riches are also quite worth exploiting.",,The incredible power of Lamar's deadly atmosphere of cold makes it so that any long-term inhabitation requires incredible investment and care. The people who live here are all paranoid of everything just giving up and killing them instantly. But when they are not. They enjoy the romantic traversal's of the planet's incredibly beautiful ocean's and rivers. There is only one continent hiding beneath the clouds. A gigantic Pangea of sorts surrounded from all sides by shallow carbohydrate waters which Hegemony boats do sometimes patrol in search of treasure. Like ye good old fashioned pirates of old. Except the only enemy of theirs are the cold.,,
station_grozel,CUSTOM,An enormous superstructure hanging above a group of significant asteroid belts. Erected to study xenolife suspended in hibernation left over by two habitable planets that collided here. Currently the station is held by a mass of pirates loyal to Gilead.,,Looking up you see a ceiling far above you. And bridges connecting platforms that together formed a stationwide city. This humongous installation was somewhat cold and dark. And it went on forever. Without logic. Albeit logic was there. Rules that caused you to be bound by gravity without the need for a circular design were poorly understood. But some more bold and erudite say it has something to do with a flow of ghost particles pushing everything downwards.,,
planet_kathryn,CUSTOM,A cruel but peaceful ice world that is absolutely suffering from the lack of anything that could help its miserable existence. The planet was named after a beautiful girl who had zest for music. She was eventually found by Luddic Church and executed for her insults against their beliefs. As she lived on an independent world that was eventually absorbed by their influence. According to the legends. The independent world apparently no longer exists. And was somewhere out there in the abyss beyond the Core Worlds.,,,,
planet_new_bebop,CUSTOM,A large water giant that certain more wealthy individuals from Gilead chose to inhabit and make shrines about. The observation facilities were to stare in the absolute abyss and motivate people to reflect on the nature of the universe. The somewhat high tech nature of this endeavour did force the shard of Luddic Church that called the shots around here to stay quiet on the political field of general GCR long-term decision making. In fear of being spotted and called out for hypocrisy.,,The society of New Bebop consisted mostly out of miners and criminals who were imported to work on the enormous structures suspended in the planet's atmosphere. Most of them made quite good consumers thus allowing New Bebop to grow independent from the central GCR government quite quickly. With this thinking in mind. They have been growing incredibly fast. Allowing them to complete their structures in record time. Though there aren't that many records for building gas giant colonies after the Collapse.,,"New Bebop is a beautiful world of dreamy sights a shard-faction of Luddic Church has chosen to settle. A significant amount of monasteries are being built to eventually serve more wealthy faithmen. These high tech constructions are at a bit of an odd against the main doctrine of the GCR. Thus causing certain political turmoil to lurk behind the horizon.

Large hanging structures were above the endless waters and thick clouds that were so absorbing the sun. An absolute abyss was beneath that would occasionally be interrupted by mining vessels or patrol shuttles. These stations were composed with green and red colours. Flowers planted in delicate brown soil."
,,,,,,
planet_gumbat,CUSTOM,Gumbat is a beautiful world built on recently adapted quasi-socialist ideas as more and more population under Tri-Tachyon's rule are being tired of their shit. Those involve free healthcare for Tri-Tachyon workers to an extent. Cheap public transportation. Involving the one leading from the surface to the flying Venice above. Etc. But one should make no mistake. The huge wage gaps between the various parties occupying this world make building a fruitful society still very difficult. And that is something that will not be tackled most likely for the next hundreds of years. If ever.,,"The flying Venice was indeed beautiful. The place had this ancient ways of building things. Not of stone. But of this foam material that rendered the whole place incredibly light. To hang on enormous balloons of helium imported from various gas giants Persean Sector has under their control.

The strangest thing about Gumbat was the fact that the atmosphere at the heights which the cities occupied was honestly quite breathable. It was twenty degrees temperature. The mixture might be a bit old, but not lethal to the human body. And the pressure was one bar. This allowed the flying Venice to be occupied by free-roaming cats, dogs and even rats. Adding to the atmosphere of an ancient city built in the sky.",,
gumball_station,CUSTOM,"This enormous superstructure is known for having quite interesting internal architecture which was shown off during the recording of the famous movie ""GET YOUR FREE TV"".",,,,"The thick atmosphere of Gumbat forces the planet to rely on cities suspended in the air by massive balloons. Those that are at the bottom, live in darkness and poverty. Harvesting the resources of the rich world at the cost of their soul and health. So to deal with that a station was built. And from this station the majority of the ships operate. Robyn was the daughter of a random murdered father who lived before the AI Wars. The daughter came to be a powerful phase ship captain who died fighting Hegemony aggressors in deep space. Her body was never found. And her death was kept a secret for a long time due to the unknown circumstances of her defeat. It was initially assumed that it was all a fault of circuitry. But later an outgoing Hegemony inspection was interrogated for information. Allowing the Tri-Tachyon to dig into a complex network and figure out what happened years later.

The enormous superstructure eyes you with its presence. Shuttles can be seen parked or leaving. The lights within shift as figures pass before them. You watch people watching you from windows as you enter. The darkness then ascends. And once again you are unseen."
planet_grabuz,CUSTOM,Tri-Tachyon forces operating on Gumbat did choose to throw out many unruly individuals who arrived along the rest of the population from various planets that were destroyed by the Collapse. These individuals formed a tiny mining colony here that definitely does not really enjoy the society that exists right next to them.,,"Arriving on the planet one starts hearing the radio waves of various almost tribe societies communicating with each other around the whole gas giant's atmosphere. Their constant swearing, insulting, bickering about things that make no sense. And at the same time infantilization of their persona for the sake of appeasing the central moderating team which threatens to cut off anyone from the rest of the network who does not abide to the rules. Creates an atmosphere of depression and dread comparable to that of living on Sindria.",,
,,,,,,
planet_gyas_a,CUSTOM,Sindrian Diktat appeared here out of thin air and built a bunch of massive structures to be suspended in the gas giant's obnoxious atmosphere. They harvest its incredible resources that are spinning at incredible speeds around the planet.,,"Even though the system is owned by Yendore. The Sindrian Diktat kinda claims it's not. It's complicated. Yendore has many laws that it expects Dermit to obey to. Like an exceptionally low age of consent or the right to beat your children. The Sindrian Diktat sometimes ignores the fact that that is something they need to respect, generally speaking. Sometimes when a weird individual appears here from Yendore for reasons unknown. They simply disappear and are never found again. And does Yendore investigate? Sometimes. But do they find anything? Nope.",,"Horrible place to live in and yet it was successfully colonised by Andrada's lackeys for reasons beyond comprehension. Hegemony intel suggests the established here facilities are a cover up for a top secret weapon research program.

Landing here was a nightmare. A sudden black just descended upon you. It felt like you died. But the lights of the ship still shined and the worried face of your shuttle's pilot was staring at you for a moment, as if worried you were to lose consciousness.

Soon, however. You land. The Sindrian Diktat floating platform was neatly adorned with frescos in Lion's Guard theme on the inside. You were watched by automated turrets and a singular soldier who seemed bored. When you enter the main hall, you see a liminal sight of windows looking on the inside into a grey place. It felt depressing for a moment. But then you saw a Sindrian Diktat officer talking to a low figure whilst loudly sipping their coffee seemingly on purpose just to annoy them. Lighting up your mood a little."
planet_yendore,CUSTOM,Large political polity that pledged allegiance to Kazeron. Thus receiving the benefits of its protection. It eventually became a military power of its own that enforced its rule upon the system. Annexing the secondary polity and eventually becoming a dangerous political opponent to certain parties deeper in Persean Sector territory.,,Cities of Yendore are a network of tall towers interconnected by massive highways that are often found overrun with highwaymen. Military vessels being prepared all over. Trained around thousands of troopers daily and a storm of lights eventually being awakened paints an image of a planet that seemingly never rests. And only pushes forward.,,
planet_frozone,CUSTOM,Ancient polity that predates Yendore. Established by Domain corporations forgotten by time. It was transformed into a powerful place of incursion against them. Their freedom lasted for a pretty long time before Yendore's aspirations went beyond its own planet. Nowadays its a place of anarchy. Whatever individuals wish to do dirty things here to pretend they're saints on different planets of Persean League. Come here. Leaving behind a trail of sin but also unpredictable economical growth.,,Weird black domes or triangles peeked from behind massive ice formations that went from an endless sea that hid beneath upwards. It seemed to scientists that Dermit was once a far hotter world. Predicting that there was once a blue giant nearby that suddenly disappeared for unknown reasons. Perhaps being launched somewhere by a passing black hole.,,"Relatively large economical polity annexed by Persean League to reinforce its interstellar war machine. The designation is simple. Make goods. Consume goods. Pay taxes. These places are quite comfortable to live in. Due to the distance of the colony, the general travel bureau keeps arrivants unverified as to not complicate trade and immigration. This does create a population of quite unruly folk. But why would that matter when the capital flows?

The icy surface is layered with defensive structures looking out for attackers that might never arrive. Or arrive too soon. The population lives in towers creating obnoxious towns. Devoid of happiness. Daily routine flows here. Individuals wearing spacesuits suffer the lack of light and incredible cold. The thin atmosphere forms a subtle blue line when the distant sun sets. You notice a dog wearing a spacesuit. It was quite incompetent in its design. The dog, not the spacesuit."
planet_loner,CUSTOM,This world is theorised to have once been a place of major Domain presence. It is unknown what that presence exactly was. Or whether there was any in the first place.,,,,
,,,,,,
planet_gagner,CUSTOM,Gagner was once a planet of population almost comparable to Gilead. But because of an incredible plague. People were dying by millions until almost nothing remained. It was all eventually rebuilt. Over time. Not destroyed again and again by AI Wars. But the population that now is housed on this planet is known to be quite negative towards the Luddic Church's ideals of a blissful universe. Knowing full well that it is a cruel and unforgiving place that will take away everything from you the moment you blink.,,"Industrial facilities went all through the planet's surface unlike any other Luddic Church world you have seen. The place was rich in work, coffee shops, malls and other things you would typically associate with Tri-Tachyon. Or at least any standard place. Not GCR. Truth was that this was all still under control. Alcohol was rare. Substances were not abused. And even video games were strictly regulated by an arm of the Knight's of Ludd that was for some reason here.",,
planet_memory,CUSTOM,Memory was once a powerful independent world established by random corporations shortly after the end of the first AI War. The population was however forced to move due to an incoming swarm of pirates. They eventually returned funded by an ominous entity apparently loyal to Tri-Tachyon if all the rumours are true.,,A massive superstructure stood over a pile of ice in the middle of nowhere. Looking towards all directions with towers of absolute destruction. Shuttles moved about gently. The thin atmosphere deflected the weak light of the nearby star. Giving an aura of peace and tranquillity.,,
station_memory,CUSTOM,The enormous defensive structure was built on the skeleton of a volatile extraction facility that was ripped to pieces at some point and left spinning for dozens of years. This alternative for its existence rather than decommissioning has more of a symbolic meaning rather than practical application. As economical costs of such an action are negligibly lower than the opposite pursuit.,,,,Large defensive structure that was built from the wreckage of an abandoned volatile mining platform that was left spinning in the orbit for hundreds of years.
,,,,,,
planet_abraham_newelles,CUSTOM,An almost dead world that has nothing but a small colony of miners that keep working in spite of the world around them ending almost three times already. Nothing has changed on Abraham Newelles since the Collapse. And even before that the misery was just the same as it is now.,,Abraham Newelles hosts a small bureau that sold used ships. A large combine of miners. As large as it could be with such a small population. A bunch of defensive structures that made no sense in the long run. And a massive underground city that was immune to all the earthquakes by being placed in a specific location where they were minimal.,,
planet_brumingham,CUSTOM,"Knights of Ludd arrived to this colony to annex it after they heard some worrying rumours about people starting to eat each other here. The colony was initially grateful for their help. But the Knights of Ludd decided to stay even after making the situation less severe. Nowadays there is a tense atmosphere between the previous population and the immigrating to here in search of economic opportunities individuals from Gilead. Mostly because the constant obnoxious regulations on the consumption of alcohol, cannabis and LSD.",,"Towns of Brumingham were small and crowded. Things just went about. Down and below. Then up. Roads. Highways. Railroads. And other things operated daily creating an intense traffic that was carefully monitored by Knights of Ludd. The enormous but cool star shined on it all with some malice. But to the Luddic Church it was a gift. Hopefully one that won't implode in their faces any time soon. Strangely enough GCR does fund a tiny Tri-Tachyon owned hopefully non-evil science institution that appears here from time to time to figure out if just that won't happen in the next few decades. In case it's probable, Gilead said they are willing to provide shelter for Brumingham's population.",,
darknight_pirate_station,CUSTOM,A large habitat that was taken over by pirates and then made into a base of operations from which obnoxious fleets are launched to be then destroyed by Luddic Church armies. Possibly. Because of it the system is regularly lit up with conflict. It is theorised that whatever individuals originated from this place were responsible for the Brumingham’s initial downfall. GCR says that they will not stop until this place is destroyed. But the amount of forces they actually send to deal with it are minimal to say the least.,,The station glittered with somewhat horrifying arcane power that disrespected space around it with massive turrets turning around and measuring it every step of the way. Like an eye trying to figure out if it was looking into its own mind or the world outside.,,
,,,,,,
planet_farquaad,CUSTOM,Comically named Farquaad is theorised to have been once a gas giant. At least the stuff around it was. The planet was then obliterated by something unknown. Perhaps its gravitational pull due to limited mass wasn't strong enough to retain itself when closer to the star. Or perhaps aliens went over and stole all its hydrogen. We'll never know.,,,,
planet_vaanita,CUSTOM,"Vaanita was established by some guy named Vanshilar who ran away along certain many Luddic Church followers who wanted to evade Gilead's wrath over some mathematical indiscrepancy. Due to its liberal take on the rules of Luddic belief, it attracted far many more people to its territories than it should have. Thus creating a powerful society of incredible mass that to this day is a thorn in Luddic Church's side.",,The planet is littered with domes and defensive structures. Massive pylons with cables hanging in the dead cold atmosphere stood with the red star shining in the background. Creating a somewhat surrealist image of red cast on blue landscape that was filtered out on most pictures to attract tourists. Even though it should be something the planet could use to attract them instead.,,
,,,,,,
planet_denyza,CUSTOM,"Denyza is an ominous world that turned out to have a decivilized population that steadily grew since the Collapse. Roamed by people riding camels, horses and training elephants. The society here fell down towards what could be considered medieval ages of knights and peasants. Luddic Church arrived here and introduced some technology. Mostly healthcare and military tech. They tried to build cities for the many people here. But they soon realised the extreme tectonic activity of the planet was more than they could handle.",,"Beautiful starry skies appear often in the paintings of Denyza as lack of cities creates perfect lack of light pollution to reveal the mysteries of the universe to a non-distracted by the nightmares of post-Collapse life observer. Denyza is often described as a Garden of Eden rebuilt for humanity. Unbothered by AI Wars. Unbothered by the horror of Gilead's theocracy until recently. And unbothered by Hegemony's military regime. Things here just worked. And were observed from the sky by pirates and independents. Sometimes landing near fields of tents to interact with the odd people that lived here.

But it is all gone now. Replaced with the cruel cycle of life enforced by the Knights of Ludd who GCR let roam this place from time to time. But truth be told. Even they can't control such a wild population of dissociated morons. As those form the majority of Denyza's population. Always have.",,
planet_gangregis_khan,CUSTOM,Gangregis Khan is a made up deity of the people of Denyza that is apparently responsible for negotiating the delivery of heat to the planet. It was known that it was a mere gas giant in close proximity to its primary. But the myth was more fun.,,,,
planet_maronia,CUSTOM,KO arrived here and made this place their home. As they believed the massive abandoned cities to host treasures they could steal. Knights of Ludd arrived to clear their presence. But they were all wiped out eventually. Ever since then GCR has negotiated a begrudging peace treaty between the two political entities.,,"Dead cities were swarming with scavengers, armoured personnel carriers, explorations vehicles. Including stylish hoverbikes piloted by strangely dressed individuals. Occasional glimmer of conflict could be seen far far away. As there are still remnants of the old civilization about this world KO Combine mercenaries gladly volunteered to exterminate.",,
,,,,,,
planet_null,CUSTOM,Pre-Collapse colony that easily survived all the horrid things that happened after due to its low profile in terms of valuables to be taken away from it. Titanic structures that do form the potency of its mining were placed so strangely deep underground that whenever pirates were to arrive. They would just think the world is uninhabited. Nowadays its clear what lurks beneath. And it sometimes shocks people to find out that there are incredible cities that survive earthquakes of incredible strength below. By being less logical than many texts released by Tri-Tachyon's dissatisfied with universe population.,,Haphazardly constructed metallic statues of some sort formed unknown purpose. Whilst massive tunnels leading deep into the mantle hanged about. Volcanic activity and incredible heat rivalled gigantic towers of incredibly tough alloys that hanged suspended on cables over incredible abysses of mined out territory.,,
planet_fameless,CUSTOM,A strange place that used to be an independent colony that lived of horribly impractical yet profitable for some reason farms and other strange operations that included interacting with odd Domain-made biosphere here. One day it simply wasn't there anymore. And then there was a Sindrian Diktat colony. What happened to it? Someone knows. Not me though.,,Horrid black structures emitting black smoke were in reality nice looking establishments built by Sindrian Diktat for Sindrian Diktat. Wealthy citizens from Volturn or Sindria arrived here to start a new life in the name of Andrada. They were carefully watched by military forces present here. Which were quite odd in their behaviour. Allowing for all kinds of things to be openly traded. Why? Apparently they did that to not annoy the Persean League. But there are conspiracy theories of Sindrian Diktat using its unaware population for testing of possibly lifesaving drugs. Or life-ending. Or both. Though that theory is ridiculed even by the Hegemony. Who says reasoning is simply to not annoy the Persean League by intruding on its old territory.,,