name,id,planetary,decivRemove,script,desc,icon,order
Non-Dense Giant,non_dense_giant,TRUE,,com.fs.starfarer.api.impl.campaign.econ.BaseHazardCondition,$market isn't strong enough to enact a horrible gravitational pull upon its inhabitants. Making life on it slightly more feasible.,graphics/icons/markets/dust_storm.png,24
Unfair,unfair_midnight,TRUE,,com.fs.starfarer.api.impl.campaign.econ.BaseHazardCondition,Dawn will never come.,graphics/icons/markets/twilight_terran_world.png,28
Familiar,tundra,TRUE,,com.fs.starfarer.api.impl.campaign.econ.BaseHazardCondition,"I'm not a masochist, but...",graphics/icons/markets/tundra_terran_wide.png,28
Familiar,arid,TRUE,,com.fs.starfarer.api.impl.campaign.econ.BaseHazardCondition,"I'm not a masochist, but...",graphics/icons/markets/arid_world_wide.png,28
,,,,,,,
Occupied,alien_life,TRUE,,com.fs.starfarer.api.impl.campaign.econ.LCAttractorMedium,This planet seems to be in the process of creating something new. Fortunately it doesn't seem to be that threatening. Yet.,graphics/icons/markets/alien_life.png,30