{
	"starSystem":"syzygy",
	"markets":[
		{
			"entities":["gagner"],
			"faction":"luddic_church",
			"size":5,
			"startingConditions":[
				"luddic_majority",
				"population_5",
				"ore_moderate",
				"thin_atmosphere",
			],
			"industries":[
				"population",
				"megaport",
				"refining",
				["heavyindustry", "corrupted_nanoforge"],
				"heavybatteries",
				"patrolhq",
				"orbitalstation_mid",
			],
		},
		{
			"entities":["memory", "memoryStation"],
			"faction":"independent",
			"size":4,
			"startingConditions":[
				"ruins_scattered",
				"population_4",
				"volatiles_abundant",
				"organics_common",
				"thin_atmosphere",
				"cold",
			],
			"industries":[
				"population",
				"megaport",
				"mining",
				"fuelprod",
				"grounddefenses",
				"orbitalstation_high",
			],
		},
		],
}



