name,id,planetary,decivRemove,script,desc,icon,order
Non-Dense Giant,non_dense_giant,TRUE,,com.fs.starfarer.api.impl.campaign.econ.BaseHazardCondition,$market isn't strong enough to enact a horrible gravitational pull upon its inhabitants. Making life on it slightly more feasible.,graphics/icons/markets/dust_storm.png,24
,,,,,,,
Unfair,unfair,TRUE,,com.fs.starfarer.api.impl.campaign.econ.BaseHazardCondition,Dawn will never come.,graphics/icons/markets/twilight_terran_world.png,25
,,,,,,,
Alien Life,alien_life,TRUE,,com.fs.starfarer.api.impl.campaign.econ.LCAttractorMedium,$market seems to have evolved still primitive but also quite visibly potent creatures. This does raise the dangers of being here significantly. As humans now have a proper nemesis apparently.,graphics/icons/markets/alien_life.png,30
Meteor Impacts,meteor_impacts,TRUE,,com.fs.starfarer.api.impl.campaign.econ.BaseHazardCondition,$market is being regurarly bombed with asteroids of non-cataclysmic size. The reasons behind that can be simple or convoluted. An asteroid ring. An unfortunate trajectory. It should pass in a hundred years.,graphics/icons/markets/meteor_impacts.png,33