star_orange_giant,star_red_giant,star_red_supergiant,star_red_dwarf,star_orange,star_yellow,star_browndwarf,star_white,star_blue_giant,star_blue_supergiant,star_neutron,black_hole,binary,trinary,id,type,category,frequency,habOffsetMin,habOffsetMax,habOffsetYOUNG,habOffsetAVERAGE,habOffsetOLD,YOUNG,AVERAGE,OLD,tags,probOrbits,minOrbits,maxOrbits,minRadius,maxRadius,minColor,maxColor,cat_giant,cat_cryovolcanic,cat_lava,cat_irradiated,cat_toxic,cat_hab1,cat_hab2,cat_hab3,cat_hab4,cat_frozen,cat_barren,lagrange,in_asteroids,is_moon
,,,,,,,,,,,,,,,CATEGORY,cat_barren,8,,,,,,,,,,,,,,,,,,,,,,,,,,,,2,2,0
,,,,,,,,,,,,,,,CATEGORY,cat_cryovolcanic,4,,,,,,,,0.5,,,,,,,,,,,,,,,,,,,,,,
,,,,,,,,,,,,,,,CATEGORY,cat_frozen,16,,,,,,,,0.5,,,,,,,,,,,,,,,,,,,,,,
,,,,,,,,,,0,,,,,CATEGORY,cat_giant,16,,,,,,,,0.5,,,,,,,,,,,,,,,,,,,,,,
,,,,,,,,,,,,,,,CATEGORY,cat_hab1,2,,,,,,,,0.5,,,,,,,,,,,,,,,,,,,,,,
,,,,,,,,,,,,,,,CATEGORY,cat_hab2,4,,,,,,,,0.5,,,,,,,,,,,,,,,,,,,,,,
,,,,,,,,,,,,,,,CATEGORY,cat_hab3,8,,,,,,2,,0.25,,,,,,,,,,,,,,,,,,,,,,
,,,,,,,,,,,,,,,CATEGORY,cat_hab4,2,,,,,,,,,,,,,,,,,,,,,,,,,,,,,,
,,,,,,,,,,,,,,,CATEGORY,cat_hab5,2,,,,,,,2,,,,,,,,,,,,,,,,,,,,,,,
,,,,,,,,,,2,,,,,CATEGORY,cat_irradiated,2,,,,,,,,,,,,,,,,,,,,,,,,,,,,,,
,,,,,,,,,,,,,,,CATEGORY,cat_lava,4,,,,,,,,0.5,,,,,,,,,,,,,,,,,,,,,,
,,,,,,,,,,256,,,,,CATEGORY,cat_magfield,8,,,,,,,,,,,,,,,,,,,,,,,,,,,,0,0,
,,,,,,,,,,,,,,,CATEGORY,cat_nothing,64,,,,,,,,,,,,,,,,,,,,,,,,,,,,,,
0,0,0,0,0,0,0,0,0,0,0,,,,,CATEGORY,cat_terrain_accretion,1024,,,,,,,,,,,,,,,,,0,0,0,0,0,0,0,0,0,0,0,0,0,0
,,,,,,,,,,,,,,,CATEGORY,cat_terrain_lagrange,32,,,,,,,,2,,,,,,,,,,,,,,,,,,,,,,
,,,,,,,,,,,,0,0,,CATEGORY,cat_terrain_rings,32,,,,,,,,2,,,,,,,,,,,,,,,,,,,,0,0,0
,,,,,,,,,,,,,,,CATEGORY,cat_toxic,4,,,,,,,,0.5,,,,,,,,,,,,,,,,,,,,,,
,,,,,,,,,,,,,,magnetic_field,TERRAIN,cat_magfield,10,,,,,,,,,"first_orbit_only, not_NEBULA_unless_moon",,,,,,,,,,,,,,,,,,,,,
,,,,,,,,,,,,,,accretion_disk,TERRAIN,cat_terrain_accretion,10,,,,,,,,,"first_orbit_only, not_NEBULA_unless_moon",,,,,,230 230 230,255 255 255,,,,,,,,,,,,,,
,,,,,,,,,,,,,,asteroid_field,TERRAIN,cat_terrain_lagrange,10,-5,100,,,,,,,lagrange_only,,,,,,,,,,,,,,,,,,,,,
,,,,,,,,,,,,,,nebula_small,TERRAIN,cat_terrain_lagrange,10,-5,100,,,,,,,"lagrange_only, not_in_nebula",,,,,,,,,,,,,,,,,,,,,
,,,,,,,,,,,,,,rings_nothing,TERRAIN,cat_terrain_rings,0,,,,,,,,,,,,,,,,,,,,,,,,,,,,0,,
,,,,,,,,,,,,,,ring_ice,TERRAIN,cat_terrain_rings,4,1,100,,,,,,,not_NEBULA_unless_moon,,,,,,230 230 230,255 255 255,,,,,,,,,,,,,,
,,,,,,,,,,,,,,ring_special,TERRAIN,cat_terrain_rings,2,1,100,,,,,,,not_NEBULA_unless_moon,,,,,,230 230 230,255 255 255,,,,,,,,,,,,,,
,,,,,,,,,,,,,,asteroid_belt,TERRAIN,cat_terrain_rings,2,-5,100,,,,,,,not_NEBULA_unless_moon,,,,,,,,0,0,0,0,0,0,0,0,0,0,0,0,0,0
,,,,,,,,,,,,,,ring_dust,TERRAIN,cat_terrain_rings,4,-2,100,,,,,,,not_NEBULA_unless_moon,,,,,,230 230 230,255 255 255,,,,,,,,,,,,,,
,,,,,,,,,,,,,,rocky_metallic,PLANET,cat_barren,8,-100,-2,,,,,,,,0,,,150,200,90 112 250,90 163 250,0,0,0,0,0,0,0,0,0,0,0,0,0,0
,,,,,,,,,,,,,,rocky_unstable,PLANET,cat_barren,4,-5,-2,,,,,,,,0.95,1,2,150,200,106 99 77,192 179 143,0,0,0,0,0,0,0,0,0,0,0,0,0,0
,,,,,,,,,,,,,,cryovolcanic,PLANET,cat_cryovolcanic,10,2,100,,,,,,,,0.95,1,2,150,200,200 220 230,255 255 255,,0,0,0,0,0,0,0,0,0,0,0,0,0
,,,,,,,,,,,,,,irradiated,PLANET,cat_irradiated,10,2,100,,,-10,,,,,0.95,1,2,150,200,220 220 220,255 255 255,0,0,0,0,0,0,0,0,0,0,0,0,0,0
,,,,,,,,,,,,,,lava_minor,PLANET,cat_lava,10,-1,2,,,,,,,,0.95,1,2,150,200,98 105 158,98 143 158,0,0,0,0,0,0,0,0,0,0,0,0,0,0
,,,,,,,,,,,,,,lava,PLANET,cat_lava,10,-100,-2,,,,,,,,0.95,1,2,150,200,220 220 220,255 255 255,0,0,0,0,0,0,0,0,0,0,0,0,0,0
,,,,,,,,,,,,,,water_giant,PLANET,cat_giant,10,-1,2,,,,,,,,0.95,1,2,240,300,150 230 230,255 255 255,0,0,0,0,0,0,0,0,0,0,0,0,0,0
,,,,,,,,,,,,,,ice_giant,PLANET,cat_giant,10,3,100,,,,,,,,0.95,1,2,240,300,58 66 171,58 137 171,0,0,0,0,0,0,0,0,0,0,0,0,0,0
,,,,,,,,,,,,,,fire_giant,PLANET,cat_giant,10,-100,-3,,,,,,,,0,,,300,360,75 0 62,109 0 91,0,0,0,0,0,0,0,0,0,0,0,0,0,0
,,,,,,,,,,,,,,gas_giant,PLANET,cat_giant,10,-2,4,,,,,,,,0.95,2,4,300,360,180 160 150,255 255 255,0,0,0,0,0,0,0,0,0,0,0,0,0,0
,,,,,,,,,,,,,,barren,PLANET,cat_barren,2,-2,100,,,,,,,,0,,,60,90,220 220 220,255 255 255,,,,,,,,,,,,,,0
,,,,,,,,,,,,,,barren_castiron,PLANET,cat_barren,2,-2,100,,,,,,,,0,,,60,90,220 220 220,255 255 255,,,,,,,,,,,,,,0
,,,,,,,,,,,,,,barren_venuslike,PLANET,cat_barren,2,-2,100,,,,,,,,0,,,60,90,240 240 230,255 255 255,,,,,,,,,,,,,,0
,,,,,,,,,,,,,,barren2,PLANET,cat_barren,2,-2,100,,,,,,,,0,,,60,90,220 220 220,255 255 255,,,,,,,,,,,,,,0
,,,,,,,,,,,,,,barren3,PLANET,cat_barren,2,-2,100,,,,,,,,0,,,60,90,220 220 220,255 255 255,,,,,,,,,,,,,,0
,,,,,,,,,,,,,,barren-bombarded,PLANET,cat_barren,16,-5,-2,,,,,,,,0,,,100,180,220 220 220,255 255 255,0,0,0,0,0,0,0,0,0,0,0,0,0,0
,,,,,,,,,,,,,,rocky_ice,PLANET,cat_barren,16,2,100,,,,,,,,0.45,0,1,100,180,220 240 250,255 255 255,,,,,0,0,0,0,0,0,0,0,0,0
,,,,,,,,,,,,,,frozen,PLANET,cat_frozen,10,2,100,,,,,,,,0.45,0,1,100,180,200 220 230,255 255 255,,,,,0,0,0,0,0,0,0,0,0,0
,,,,,,,,,,,,,,frozen1,PLANET,cat_frozen,10,2,100,,,,,,,,0.45,0,1,100,180,200 220 230,255 255 255,,,,,0,0,0,0,0,0,0,0,0,0
,,,,,,,,,,,,,,frozen2,PLANET,cat_frozen,10,2,100,,,,,,,,0.45,0,1,100,180,200 220 230,255 255 255,,,,,0,0,0,0,0,0,0,0,0,0
,,,,,,,,,,,,,,frozen3,PLANET,cat_frozen,10,2,100,,,,,,,,0.45,0,1,100,180,200 220 230,255 255 255,,,,,0,0,0,0,0,0,0,0,0,0
,,,,,,,,,,,,,,barren-desert,PLANET,cat_hab1,10,-1,2,,,,,,,,0.45,0,1,100,180,240 220 230,255 255 255,,,,,0,0,0,0,0,0,0,0,0,0
,,,,,,,,,,,,,,desert,PLANET,cat_hab2,10,-2,1,,,,,,,,0.45,0,1,100,180,240 220 230,255 255 255,0,0,0,0,0,0,0,0,0,0,0,0,0,0
,,,,,,,,,,,,,,desert1,PLANET,cat_hab2,10,-2,1,,,,,,,,0.45,0,1,100,180,240 220 230,255 255 255,0,0,0,0,0,0,0,0,0,0,0,0,0,0
,,,,,,,,,,,,,,terran-eccentric,PLANET,cat_hab3,2,1,2,,,,,,,,0.45,0,1,100,180,220 240 230,255 255 255,,,,,0,0,0,0,0,0,0,0,0,0
,,,,,,,,,,,,,,water,PLANET,cat_hab3,8,-1,1,,,,,,,,0.45,0,1,100,180,0 87 127,0 161 236,,,,,0,0,0,0,0,0,0,0,0,0
,,,,,,,,,,,,,,jungle,PLANET,cat_hab3,4,-1,1,,,,,,,,0.45,0,1,100,180,220 240 230,255 255 255,,,,,0,0,0,0,0,0,0,0,0,0
,,,,,,,,,,,,,,terran,PLANET,cat_hab4,10,0,0,,,,,,,,0.45,0,1,100,180,220 240 230,255 255 255,,,,,0,0,0,0,0,0,0,0,0,0
,,,,,,,,,,,,,,tundra,PLANET,cat_hab4,10,0,1,,,,,,,,0.45,0,1,100,180,200 230 240,255 255 255,,,,,0,0,0,0,0,0,0,0,0,0
,,,,,,,,,,,,,,arid,PLANET,cat_hab4,10,-1,0,,,,,,,,0.45,0,1,100,180,240 220 230,255 255 255,,,,,0,0,0,0,0,0,0,0,0,0
,,,,,,,,,,,,,,toxic,PLANET,cat_toxic,10,-2,0,,,,,,,,0.45,0,1,100,180,220 220 220,255 255 255,0,0,0,0,0,0,0,0,0,0,0,0,0,0
,,,,,,,,,,,,,,toxic_cold,PLANET,cat_toxic,10,2,100,,,,,,,,0.45,0,1,100,180,220 220 220,255 255 255,,,,,0,0,0,0,0,0,0,0,0,0