{
	"starSystem":"abin_cresc",
	"markets":[
		{
			"entities":["denyza"],
			"faction":"luddic_church",
			"size":6,
			"startingConditions":[
				"luddic_majority",
				"population_6",
				"farmland_adequate",
				"rare_ore_moderate",
				"ore_abundant",
				"extreme_tectonic_activity",
				"hot",
				"habitable",
			],
			"industries":[
				"population",
				"spaceport",
				"farming",
			],
		},
		{
			"entities":["maronia"],
			"faction":"independent",
			"size":4,
			"startingConditions":[
				"population_4",
				"decivilized_subpop",
				"ruins_extensive",
				"rare_ore_abundant",
				"ore_moderate",
				"no_atmosphere",
			],
			"industries":[
				"population",
				"spaceport",
				"techmining",
				"mining",
				"grounddefenses",
				"patrolhq",
			],
		},
		],
}



