{
	"starSystem":"algebbar",
	"markets":[
		{
			"entities":["epiphany"],
			"faction":"luddic_path",
			"size":5,
			"startingConditions":[
				"decivilized_subpop",
				"luddic_majority",
				"population_5",
				"ruins_widespread",
				"farmland_adequate",
				"rare_ore_moderate",
				"ore_abundant",
				"extreme_weather",
				"tectonic_activity",
				"habitable",
			],
			"industries":[
				"population",
				"spaceport",
				"farming",
				"patrolhq",
			],
		},
	],
}



