{
	"starSystem":"galatia",
	"markets":[
		{
			"entities":["ancyra"],
			"faction":"hegemony",
			"size":6,
			"startingConditions":[
				"population_6",
				"farmland_poor",
				"ore_sparse",
				"organics_common",
				"extreme_weather",
				"habitable",
				"hot",
			],
			"industries":[
				"population",
				"megaport",
				"farming",
				"lightindustry",
				"heavybatteries",
				"orbitalstation",
				"patrolhq",
			],
		},
		{
			"entities":["derinkuyu_station"],
			"faction":"pirates",
			"size":4,
			"startingConditions":[
				"population_4",
				"rare_ore_rich",
				"ore_rich",
				"volatiles_diffuse",
				"irradiated",
			],
			"industries":[
				"population",
				"megaport",
				"mining",
				"grounddefenses",
			],
		},
	],
}



