{
	"starSystem":"magec",
	"markets":[
		{
			"entities":["new_maxios"],
			"faction":"independent",
			"size":4,
			"startingConditions":[
				"population_4",
				"ore_abundant",
				"rare_ore_rich",
				"irradiated",
			],
			"industries":[
				"population",
				"megaport",
				"refining",
				["orbitalworks", "pristine_nanoforge"],
				["starfortress_high", "alpha_core"],
				"heavybatteries",
			],
		},
		{
			"entities":["kantas_den"],
			"faction":"pirates",
			"size":4,
			"startingConditions":[
				"population_4",
				"organics_common",
				"ore_abundant",
				"rare_ore_ultrarich",
				"irradiated",
			],
			"industries":[
				"population",
				"megaport",
				"mining",
				"lightindustry",
				"heavybatteries",
				"patrolhq",
			],
		},
		{
			"entities":["tibicena", "achaman_enterprise_station"],
			"faction":"tritachyon",
			"size":5,
			"startingConditions":[
				"population_5",
				"rare_ore_abundant",
				"ore_abundant",
				"volatiles_diffuse",
				"organics_trace",
				"no_atmosphere",
			],
			"industries":[
				"population",
				"megaport",
				"mining",
				"refining",
				"commerce",
				"battlestation_high",
				"heavybatteries",
				"patrolhq",
			],
		},		
	],


}



