{
	"starSystem":"parkapec",
	"markets":[
		{
			"entities":["marko"],
			"faction":"hegemony",
			"size":4,
			"startingConditions":[
				"population_4",
				"rare_ore_moderate",
				"ore_sparse",
				"volatiles_trace",
				"water_surface",
			],
			"industries":[
				"population",
				"megaport",
				"mining",
				"aquaculture",
			],
		},
		{
			"entities":["lamar"],
			"faction":"hegemony",
			"size":3,
			"startingConditions":[
				"population_3",
				"ruins_extensive",
				"ore_moderate",
				"volatiles_diffuse",
				"organics_abundant",
				"poor_light",
				"dense_atmosphere",
				"very_cold",
			],
			"industries":[
				"population",
				"spaceport",
				"techmining",
			],
		},
#		{
#			"entities":["grozel"],
#			"faction":"luddic_church",
#			"size":5,
#			"freePort":true,
#			"startingConditions":[
#				"luddic_majority",
#				"population_5",
#				"farmland_adequate",
#				"rare_ore_moderate",
#				"organics_common",
#			],
#			"industries":[
#				"population",
#				"megaport",
#				"farming",
#				"mining",
#				"lightindustry",
#				"battlestation",
#				"heavybatteries",
#				"patrolhq",
#			],
#		},
	],
}



