{
	"starSystem":"syzygy",
	"markets":[
		{
			"entities":["gagner"],
			"faction":"luddic_church",
			"size":5,
			"startingConditions":[
				"luddic_majority",
				"population_5",
				"rare_ore_moderate",
				"ore_moderate",
				"organics_common",
				"thin_atmosphere",
				"inimical_biosphere",
				"habitable",
			],
			"industries":[
				"population",
				"megaport",
				"mining",
				"refining",
				"grounddefenses",
				"patrolhq",
			],
		},
		{
			"entities":["memory", "memoryStation"],
			"faction":"independent",
			"size":4,
			"startingConditions":[
				"ruins_scattered",
				"population_4",
				"rare_ore_sparse",
				"volatiles_abundant",
				"thin_atmosphere",
				"cold",
			],
			"industries":[
				"population",
				"megaport",
				"mining",
				"fuelprod",
				"heavybatteries",
				"orbitalstation",
				"patrolhq",
			],
		},
		],
}



