id,age,tags,freqYOUNG,freqAVERAGE,freqOLD,minRadius,maxRadius,h-hierachy,habZoneStart,probOrbits,orbits?,minOrbits,maxOrbits,coronaMin,coronaMult,coronaVar,solarWind,minFlare,maxFlare,crLossMult,lightColorMin,lightColorMax
nebula_center_old,OLD,NEBULA,0,20,60,0,0,0,-10,0.95,few,12,15,0,0,0,0,0,0,0,125 125 125,125 125 125
star_browndwarf,AVERAGE,,0,80,80,400,450,1.5,2,0.95,few,12,15,150,1,0.25,1,0,0,1,140 24 34,140 24 103
nebula_center_average,AVERAGE,NEBULA,40,80,40,0,0,0.5,-5,1,many,15,18,0,0,0,0,0,0,0,125 125 125,125 125 125
star_orange,AVERAGE,,30,30,20,650,750,3,5,1,many,15,18,400,1,0.5,10,0,1,3,255 180 140,255 240 200
star_red_dwarf,AVERAGE,,0,80,80,500,600,2,3,1,many,15,18,300,1,0.25,5,0,1,2,255 175 135,255 225 225
star_white,OLD,,0,20,20,400,700,1.5,2,1,many,15,18,300,1,0.25,5,0,1,2,230 230 230,255 255 255
star_yellow,AVERAGE,,30,30,20,800,900,3,5,1,many,15,18,400,1,0.5,10,0,1,3,255 205 205,255 255 255
black_hole,OLD,,0,10,10,150,200,1,0,1,TONS,18,24,1000,1,0.5,-10,0,0,25,125 90 125,125 90 125
nebula_center_young,YOUNG,NEBULA,30,10,0,0,0,1,0,1,TONS,18,24,0,0,0,0,0,0,0,125 125 125,125 125 125
star_blue_giant,AVERAGE,,5,5,0,1100,1300,4,7,1,TONS,18,24,500,1,0.5,15,0,3,5,200 255 255,255 255 255
star_blue_supergiant,AVERAGE,,2.5,2.5,0,1200,1500,4.5,10,1,TONS,18,24,500,1,0.5,17,0,3,6,200 255 255,255 255 255
star_neutron,OLD,,0,5,5,150,250,5,20,1,TONS,18,24,2000,100,10,50,0,0,15,175 185 195,225 235 245
star_orange_giant,YOUNG,,5,5,0,1100,1300,4,7,1,TONS,18,24,500,1,0.5,7,0,1,2,255 190 140,255 240 200
star_red_giant,YOUNG,,0,5,5,1100,1300,3,5,1,TONS,18,24,500,1,0.5,5,0,1,2,255 175 135,255 225 225
star_red_supergiant,YOUNG,,0,2.5,2.5,1500,1800,4,7,1,TONS,18,24,500,1,0.5,5,0,1,2,255 175 135,255 225 225