id,type,text1,text2,text3,text4,notes
planet_marko,CUSTOM,"A rare hycean world inhabited by a quite large population of reformed convicts and economically unlucky individuals. Marko is demonised by the mainstream media of Hegemony, Persean League and even the Sindrian Diktat. But in reality life here is quite average.",,"Niber fully covered up the light of the potent orange star, and it does so often enough to prevent the planet from having its oceans boiled. The hydrogen in the atmosphere creates a strong greenhouse effect. And you watch the strange boats disappear in the calm waves which reach the distant horizon. The clouds in the sky form uncanny shapes. And the water beneath, dark and infinite creates a horrifying feeling in the back of your skull.",,
planet_lamar,CUSTOM,A horrid wasteland devoid of sunsets controlled by a set of enormous rivers that interconnect a large continent surrounded by an invisible in the dark ocean of methane. The forever deathly cold Pangaea the Hegemony inhabits is rich in nonsensical structures left over by the Domain for purposes unknown.,,"Lamar is just darkness. There is nothing here. When you land you need a flashlight as loud as a car to see anything. And whatever you see is just orange haze and some strange ground which makes no sense unless you have read a whole book about it. You find the habitat. And together with your crew you enter it. Soon you are welcomed by a bunch of screens, empty seats, moody lights, suspicious-looking individuals, an occasional Hegemony official and a refreshing lemon scent.",,
station_grozel,CUSTOM,An enormous superstructure hanging above a group of significant asteroid belts. Erected to study xenolife suspended in hibernation left over by two habitable planets that collided here. Currently the station is held by a mass of pirates loyal to Gilead.,,Looking up you see a ceiling far above you. And bridges connecting platforms that together formed a stationwide city. This humongous installation was somewhat cold and dark. And it went on forever. Without logic. Albeit logic was there. Rules that caused you to be bound by gravity without the need for a circular design were poorly understood. But some more bold and erudite say it has something to do with a flow of ghost particles pushing everything downwards.,,
planet_kathryn,CUSTOM,A peaceful ice world with active underwater volcanoes theorised to have a minor undisturbed fauna deep below. Named after a beautiful girl whose passion was music. This place is both amazing and disturbing just as any other empty rock is at its personality's core.,,,,
,,,,,,
water_giant,PLANET,A Neptune-like world placed in habitable zone. Its characteristics are wholy alien and surface uninhabitable as it generally does not exist. Tempests and waves of death terrorise the landscape. The atmosphere is generally toxic to humans if not absolutely lethal.,,,,
fire_giant,PLANET,A hot Jupiter of sort. This planet's internal clouds are covered with a thick layer of boiling metals. Floating about. But even those clouds inside are no less so incredibly hot. This entire world is nothing but death and endless destruction. Only a foolish madman would dare venture into its hellish embrace in seek of amicability.,,,,
,,,,,,
,,,,,,
planet_gumbat,CUSTOM,Sunsetless world bathing in the gloom of an infrared star. Gumbat is a Tri-Tachyon dominion earning significant amounts of money by the virtue of never suffering the devastation of AI Wars. Instead it has reaped the benefits of many refugees coming to it from the worlds beyond the Core Worlds which were no longer capable of sustaining themselves after the violent deaths of their infrastructures or populations,,The flying Venice cities are beautiful. Shielded from radiation by the planet's potent magnetic sphere. The temperatures at this height were quite comfortable. The invisible light touched your cheeks as you breathed the air with unprotected lungs. Watching below clouds white. Imagining the yellow haze that most of the population had to live in. And it was that quite so there. But they all arrived from time to time up here. Dressed in colourless clothes. Their skin was tired and old. And they spoke with voices destroyed by substance abuse. Constant smoking and drinking filled the slums that they come from. They had a choice to leave. But they didn't. Never did they do. Because where would they go? Is the Sector better anywhere else?,,
gumball_station,CUSTOM,"Massive superstructure built by paranoid Tri-Tachyon investors, fearing that the Hegemony, pirates or Pathers would choose to awake them from their ethereal dream of peace and prosperity.",,The enormous superstructure eyes you with its presence. Shuttles can be seen parked or leaving it. The lights within shift as figures pass before them. You watch people watching you from windows as you enter. The darkness then ascends. And once again you are unseen.,,"The thick atmosphere of Gumbat forces the planet to rely on cities suspended in the air by massive balloons. Those that are at the bottom, live in darkness and poverty. Harvesting the resources of the rich world at the cost of their soul and health. So to deal with that a station was built. And from this station the majority of the ships operate. Robyn was the daughter of a random murdered father who lived before the AI Wars. The daughter came to be a powerful phase ship captain who died fighting Hegemony aggressors in deep space. Her body was never found. And her death was kept a secret for a long time due to the unknown circumstances of her defeat. It was initially assumed that it was all a fault of circuitry. But later an outgoing Hegemony inspection was interrogated for information. Allowing the Tri-Tachyon to dig into a complex network and figure out what happened years later."
planet_grabuz,CUSTOM,The population here consists out of tribal societies that communicate with each other via radio waves. Talking about whatever drama is occurring in-between them. This population has later been reinforced by a wave of criminals who have been banished from Gumbat by operating there subjective security forces.,,"As you arrive onto an almost empty platform. You descend from your shuttle, escorted by your group of angry crewmen. Watching the dark, you see a singular figure. Which after nodding one time, disappears behind a massive door. You are alone now.",,
,,,,,,
,,,,,,
planet_gyas_a,CUSTOM,Horrible place to live in and yet it was successfully colonised by Andrada's lackeys for reasons beyond comprehension. Hegemony intel suggests the established here facilities are a cover up for a top secret weapon research program.,,"Landing here was a nightmare. A sudden black just ascended upon you. It felt like you died. But the lights of the ship still shined and the worried face of your shuttle's pilot was staring at you for a moment, as if worried you were to lose consciousness.

Soon, however. You land. The Sindrian Diktat floating platform was neatly adorned with frescos in Lion's Guard theme. You were watched by automated turrets and a singular soldier who seemed bored and tired. When you enter the main hall of the station, you see a liminal sight of windows looking into a grey place. It felt depressing for a moment. But then you saw a Sindrian Diktat soldier talking to a low figure whilst loudly sipping his coffee on purpose just to annoy them.",,
planet_yendore,CUSTOM,High power colony established a long time ago to create control over outer parts of the Sector. A most likely misguided pursuit of resources that ironically created space for that which the Persean League seeked to eradicate. Even though the colony is under its control. The established there polity and its cultures form a loyal albeit dangerous opposition to Kazeron's political majority.,,Potent towers established on an endless desert took in the view of the sun. Hundreds of people gathered in them. But they were spread around. Instead of there being a powerful seat of power. A swarm of towns and cities all meet up on the local internet and discuss their views violently on chats. The ultimate polity isn't voted for or enforced by any major strength. Instead the planet is a mess of anarchy that is exploited by the old ones who roam it on hoverbikes. Robbing trains nowadays.,,
planet_frozone,CUSTOM,"Relatively large economical polity annexed by Persean League to reinforce its interstellar war machine. The designation is simple. Make goods. Consume goods. Pay taxes. These places are quite comfortable to live in. Due to the distance of the colony, the general travel bureau keeps arrivants unverified as to not complicate trade and immigration. This does create a population of quite unruly folk. But why would that matter when the capital flows?",,"The icy surface is layered with defensive structures looking out for attackers that might never arrive. Or arrive too soon. The population lives in large towers creating obnoxious towns. Devoid of happiness. Daily routine flows here. Individuals wearing spacesuits suffer the lack of light and incredible cold. The thin atmosphere forms a subtle blue line when the distant sun sets. You notice a dog wearing a spacesuit. It was quite incompetent in its design. The dog, not the spacesuit.",,
,,,,,,
planet_gagner,CUSTOM,"Used to be a major population centre belonging to the nations of Luddic Church, but it was wiped out mostly by a significant plague the technologically backwards peacekeeping forces were unable to shutdown and control. After this significant setback, the planet modernized itself and became an enemy of Knights of Ludd politically. In hopes of ascending the Luddic Church to a slightly higher level of technological competence.",,Major red flags of polyester hanged as banners above tunnels dug through incredible stone that went for thousands of kilometres across the planet. Buses and cars travelled silently. You watched Luddic Church members dressed in clothing more reminiscent to that of edgy Eochu Bres population of middle class. But at the same time you saw soldiers who were clearly using Luddic Church equipment of powerful anti-materiel rifles and jetpacks inspired by the Retribution’s design.,,
planet_memory,CUSTOM,Colony established after the major weakening of Luddic Church presence in the system. Eventually formed a symbiotic bond with Gagner which has greatly funded its growth. This has been done to create more presence in the system as to prevent pirates from establishing a major point of raiding which would most likely conclude Gagner's fate.,,The colony of the so-called Memory is nothing unique. Powerful establishments in the snow overlook ravines in which you could see vehicles moving quietly in the thin atmosphere. Occasionally a light moves across the sky. A falling star or a fast moving shuttle. At some point you saw a major star moving across the sky. The planet's defense station was watching you.,,
station_memory,CUSTOM,"Powerful defense structure built some time before the Collapse. Destroyed several times, it was always rebuilt. Until left hanging in the sky for an extended period of time. Before being fixed again. Now its hangars are filled with ships of an unknown barely established nation which does not even dare to call itself a real name.",,,,