{
	"starSystem":"cappuccino",
	"markets":[
		{
			"entities":["gumbat", "gumball_station"],
			"faction":"tritachyon",
			"size":5,
			"freePort":true,
			"startingConditions":[
				"population_5",
				"ore_abundant",
				"organics_abundant",
				"toxic_atmosphere",
				"tectonic_activity",
			],
			"industries":[
				"population",
				"megaport",
				"mining",
				"lightindustry",
				["commerce", "dealmaker_holosuite"],
				"battlestation_mid",
				"heavybatteries",
				"patrolhq",
			],
		},
		{
			"entities":["grabuz"],
			"faction":"independent",
			"size":4,
			"freePort":true,
			"startingConditions":[
				"population_4",
				"volatiles_plentiful",
				"poor_light",
				"dense_atmosphere",
				"very_cold",
			],
			"industries":[
				"population",
				"megaport",
				"mining",
				"lightindustry",
				"heavybatteries",
			],
		},
	],
}