{
	"starSystem":"parkapec",
	"markets":[
		{
			"entities":["marko"],
			"faction":"hegemony",
			"size":6,
			"startingConditions":[
				"population_6",
				"ruins_widespread",
				"organics_abundant",
				"water_surface",
			],
			"industries":[
				"population",
				"megaport",
				"aquaculture",
				"mining",
				"techmining",
				"commerce",
				"battlestation_high",
				"grounddefenses",
				"patrolhq",
			],
		},
		{
			"entities":["lamar"],
			"faction":"hegemony",
			"size":3,
			"startingConditions":[
				"population_3",
				"ruins_extensive",
				"ore_moderate",
				"volatiles_diffuse",
				"organics_plentiful",
				"dark",
				"toxic_atmosphere",
				"very_cold",
			],
			"industries":[
				"population",
				"spaceport",
				"techmining",
				"grounddefenses",
			],
		},
		{
			"entities":["grozel"],
			"faction":"luddic_church",
			"size":6,
			"freePort":true,
			"startingConditions":[
				"luddic_majority",
				"population_6",
				"farmland_adequate",
				"rare_ore_moderate",
				"ore_moderate",
			],
			"industries":[
				"population",
				"megaport",
				"farming",
				"mining",
				"lightindustry",
				"starfortress",
				"heavybatteries",
				"militarybase",
			],
		},
	],
}



