{
	"starSystem":"morokoon",
	"markets":[
		{
			"entities":["gyas_a"],
			"faction":"sindrian_diktat",
			"size":4,
			"startingConditions":[
				"luddic_majority",
				"population_4",
				"ruins_scattered",
				"rare_ore_ultrarich",
				"ore_rich",
				"volatiles_trace",
				"organics_plentiful",
				"dense_atmosphere",
				"very_hot",
				"high_gravity",
			],
			"industries":[
				"population",
				"megaport",
				"mining",
				"lightindustry",
				"heavybatteries",
			],
		},
		{
			"entities":["yendore"],
			"faction":"persean",
			"freePort":false,
			"size":6,
			"startingConditions":[
				"population_6",
				"decivilized_subpop",
				"ruins_vast",
				"rare_ore_moderate",
				"ore_moderate",
				"habitable",
			],
			"industries":[
				"population",
				"megaport",
				"waystation",
				"mining",
				"techmining",
				["refining", "beta_core"],
				"starfortress",
				["heavybatteries", "drone_replicator"],
				["highcommand", "beta_core"],
			],
		},
		{
			"entities":["frozone_a"],
			"faction":"persean",
			"size":4,
			"freePort":true,
			"startingConditions":[
				"population_4",
				"ruins_scattered",
				"rare_ore_abundant",
				"volatiles_trace",
				"organics_abundant",
				"poor_light",
				"thin_atmosphere",
				"very_cold",
			],
			"industries":[
				"population",
				"megaport",
				"mining",
				"lightindustry",
				"battlestation_mid",
				"grounddefenses",
			],
		},
		],
}



