id,type,text1,text2,text3,text4,notes
water_giant,PLANET,A Neptune-like world placed in habitable zone. Its characteristics are wholly alien and surface uninhabitable as it generally does not exist. Tempests and waves of death terrorise the landscape. The atmosphere is generally toxic to humans if not absolutely lethal.,,,,
fire_giant,PLANET,A hot Jupiter of sort. This planet's internal clouds are covered with a thick layer of boiling metals. Floating about. But even those clouds inside are no less so incredibly hot. This entire world is nothing but death and endless destruction. Only a foolish madman would dare venture into its hellish embrace in seek of amicability.,,,,
barren,PLANET,A very small planet devoid of water or significant geological activity. Possibly of foam-like texture due to pathetic gravitational pull. Exposed to the radiation of space. It breathes in the fumes of solar wind. A perfect place to establish a base of operations if one does not wish to be bothered by the consequences of an atmosphere.,,,,
rocky_ice,PLANET,"A barren world operating in very great distance from its primary or without a primary at all. Mild amounts of snow and ice are deposited on top of enormous ravines that whisper the tales of creation. Dots mark the surface. Hundreds of thousands, millions years ago hit by stone or ice. An echo of infinity playing a for deaf tune.",,"A barren world operating in very great distance from its primary or without a primary at all. Mild amounts of snow and ice are deposited on top of enormous ravines that whisper the tales of creation. Dots mark the surface. Hundreds of thousands, millions years ago hit by stone or ice. An echo of infinity playing a for deaf tune. To elaborate. Worlds like these were most likely formed with very little volatile or organic content. Translating to a bitter chocolate of wealth of primitive industrial kind.",,
barren-bombarded,PLANET,A large world living next to its primary in a proximity of such that its atmosphere was stripped by intense solar winds. This was most likely catalysed by the lack of a proper magnetic field. Or generally just a very weak atmosphere to begin with that has not been regenerated by volcanic activity or arriving fodder.,,"The mottled curve of the planet turns below you. The lighter regolith is pocked with ancient impact craters, the darker lava seas less densely marked but riven nonetheless by evidence of their own cataclysmic creation.",,
lava,PLANET,"Gravitational affect of nearby bodies and the incomprehensible heat of the star deposited upon this world is causing it to rip its internal composure. Leaving valuable resources to be harvested by the fools who dare arrive upon it. The battered lit surface, most often tidally-locked releases metal vapour that then journeys towards the other side to rain there terrifically.",,,,
lava_minor,PLANET,A visibly disturbed world that emits significant amounts of gases that form its toxic or relatively toxic atmosphere. The soil is entirely terraformed towards satanic content. Whatever hope there was of establishing a habitable conflux was crushed.,,,,A visibly disturbed world that emits significant amounts of gases that form its toxic or relatively toxic atmosphere. The soil is entirely terraformed towards satanic content. Whatever hope there was of establishing a habitable conflux was crushed. Whatever cataclysm awakened this state of affairs. It will not be on its own or by the help of mankind reverted for the duration of upwards to tens of thousands of years. And even then all that'll remain will be a blackened by ash ground of hollow conveyance.
terran-eccentric,PLANET,An often tidally-locked planet that has a biosphere reaping the benefit of geo-architectural or lack there of competence. Worlds like these are common. As it happens so that very much a half of cold creates the perfect state for life to flourish. Existing here biohazarads can be quite intimidating as primitive as they are.,,,,An often tidally-locked planet that has a biosphere reaping the benefit of geo-architectural or lack there of competence. Worlds like these are common. As it happens so that very much a half of cold creates the perfect state for life to flourish. Existing here biohazarads can be quite intimidating as primitive as they are. Forming a surface that may be afflicted with the presence of terran analogues. But also often not. As it can be simply too stupid to be economically feasible even for us.
rocky_metallic,PLANET,A silent and bitter cthonian world that stayed or migrated towards where it is. Incredible structures of diamond and metal can be found on its surface. Accessible or not. Planets of this kind often posses a significant gravitational pull.,,,,
rocky_unstable,PLANET,A massive world of intense tectonic activity capable of sustaining a thin or massive atmosphere depending on its size and composition. Planets like these can operate in close proximity to their stars. But not close enough as to melt their surface. They can be a delicious source of minerals.,,,,
jungle,PLANET,"A horrible world of alien lifeforms of fortunately primitive kind. Incomprehensible floraic, fungal and microbial structures corrupt the world's surface. Feeding on its cycle of death and rebirth. The soil could have been prepared by an unbeknownst period of activity. Or not. With habitants quite hostile if it was.",,,,
water,PLANET,A simple world of high content of water orbiting close enough to its primary to be in liquid state. Planets like these were once seen as a good candidate for life. But repeated expeditions to such found only a dead empty ocean of absolutely nothing but philosophically aggressive null void.,,,,
toxic,PLANET,An exceptionally dense atmosphere chokes this world in heat of certain kind. Habitats can be built above its cloud surface to breath in the perfectly attuned by natural occurrences atmosphere. Whilst the places deep below can be extracted for boundless gains.,,,,
irradiated,PLANET,A rare planet type humanity wasn't exactly aware of before it has seen one from up close. The perfect storm of radiation being absorbed by its competent atmosphere is causing a slow emitting of heat which creates generally acceptable temperatures. These kind of worlds can be easily adapted for convenient human habitation. As long as modern medicine provides resolutions for horrifically carcinogenic environments.,,,,
tundra,PLANET,"A planet operating in habitable zone with a competent atmospheric composition that is undergoing a cooler period. Monstrous continental glaciers have devoured the landscape, reflecting most of the sunlight. Contributing to a cascading climate phenomena shifting it towards a visible extreme.",,,,
arid,PLANET,The atmosphere of this planet is rich in carbon dioxide and methane. Causing it to have a potent global warming effect that paired with its non-reflective surface has pushed it towards being quite horrid to live on.,,,,
,,,,,,
planet_marko,CUSTOM,"A rare hycean world inhabited by a quite large population of reformed convicts and economically unlucky individuals. Marko is demonised by the mainstream media of Hegemony, Persean League and even the Sindrian Diktat. But in reality life here is quite average.",,"Niber fully covered up the light of the potent orange star, and it does so often enough to prevent the planet from having its oceans boiled. The hydrogen in the atmosphere creates a strong greenhouse effect. And you watch the strange boats disappear in the calm waves which reach the distant horizon. The clouds in the sky form uncanny shapes. And the water beneath, dark and infinite creates a horrifying feeling in the back of your skull.",,
planet_lamar,CUSTOM,A horrid wasteland devoid of sunsets controlled by a set of enormous rivers that interconnect a large continent surrounded by an invisible in the dark ocean of methane. The forever deathly cold Pangaea the Hegemony inhabits is rich in nonsensical structures left over by the Domain for purposes unknown.,,"Lamar is just darkness. There is nothing here. When you land you need a flashlight as loud as a car to see anything. And whatever you see is just orange haze and some strange ground which makes no sense unless you have read a whole book about it. You find the habitat. And together with your crew you enter it. Soon you are welcomed by a bunch of screens, empty seats, moody lights, suspicious-looking individuals, an occasional Hegemony official and a refreshing lemon scent.",,
station_grozel,CUSTOM,An enormous superstructure hanging above a group of significant asteroid belts. Erected to study xenolife suspended in hibernation left over by two habitable planets that collided here. Currently the station is held by a mass of pirates loyal to Gilead.,,Looking up you see a ceiling far above you. And bridges connecting platforms that together formed a stationwide city. This humongous installation was somewhat cold and dark. And it went on forever. Without logic. Albeit logic was there. Rules that caused you to be bound by gravity without the need for a circular design were poorly understood. But some more bold and erudite say it has something to do with a flow of ghost particles pushing everything downwards.,,
planet_kathryn,CUSTOM,A peaceful ice world with active underwater volcanoes theorised to have a minor fauna deep below. Named after a beautiful girl whose passion was music. This place is both amazing and disturbing just as any other empty world at its personality's core.,,,,
planet_new_bebop,CUSTOM,New Bebop is a beautiful world of dreamy sights Luddic Church has chosen to settle. A significant amount of monasteries are being built to be eventually inhabited by members of Gilead. These high tech constructions are at a bit of an odd against the main doctrine of the GCR. Thus causing certain political turmoil to lurk behind the horizon.,,Large hanging structures were above the endless waters and thick clouds that were so absorbing the sun. An absolute void was beneath that would occasionally be interrupted by mining vessels or patrol shuttles. These stations were beautifully composed with green and red colours. Flowers planted in living brown soil. Richer members of GCR observing the world through a great glass panel like those who form the Tri-Tachyon illuminate.,,
,,,,,,
planet_gumbat,CUSTOM,Sunsetless world bathing in the gloom of an infrared star. Gumbat is a Tri-Tachyon dominion earning significant amounts of money by the virtue of never suffering the devastation of AI Wars. Instead it has reaped the benefits of many refugees coming to it from the worlds beyond the Core Worlds which were no longer capable of sustaining themselves after the violent deaths of their infrastructures or populations,,The flying Venice cities are beautiful. Shielded from radiation by the planet's potent magnetic sphere. The temperatures at this height were quite comfortable. The invisible light touched your cheeks as you breathed the air with unprotected lungs. Watching below clouds white. Imagining the yellow haze that most of the population had to live in. And it was that quite so there. But they all arrived from time to time up here. Dressed in colourless clothes. Their skin was tired and old. And they spoke with voices destroyed by substance abuse. Constant smoking and drinking filled the slums that they come from. They had a choice to leave. But they didn't. Never did they do. Because where would they go? Is the Sector better anywhere else?,,
gumball_station,CUSTOM,"Massive superstructure built by paranoid Tri-Tachyon investors, fearing that the Hegemony, pirates or Pathers would choose to awake them from their ethereal dream of peace and prosperity.",,The enormous superstructure eyes you with its presence. Shuttles can be seen parked or leaving it. The lights within shift as figures pass before them. You watch people watching you from windows as you enter. The darkness then ascends. And once again you are unseen.,,"The thick atmosphere of Gumbat forces the planet to rely on cities suspended in the air by massive balloons. Those that are at the bottom, live in darkness and poverty. Harvesting the resources of the rich world at the cost of their soul and health. So to deal with that a station was built. And from this station the majority of the ships operate. Robyn was the daughter of a random murdered father who lived before the AI Wars. The daughter came to be a powerful phase ship captain who died fighting Hegemony aggressors in deep space. Her body was never found. And her death was kept a secret for a long time due to the unknown circumstances of her defeat. It was initially assumed that it was all a fault of circuitry. But later an outgoing Hegemony inspection was interrogated for information. Allowing the Tri-Tachyon to dig into a complex network and figure out what happened years later."
planet_grabuz,CUSTOM,The population here consists out of tribal societies that communicate with each other via radio waves. Talking about whatever drama is occurring in-between them. This population has later been reinforced by a wave of criminals who have been banished from Gumbat by operating there subjective security forces.,,As you arrive onto an almost empty platform. You descend from your shuttle escorted by your group of angry crewmen. Watching the dark you see a singular figure. Which after nodding one time disappears behind a massive door. You are alone now.,,
,,,,,,
planet_gyas_a,CUSTOM,Horrible place to live in and yet it was successfully colonised by Andrada's lackeys for reasons beyond comprehension.,,"Landing here was a nightmare. A sudden black just descended upon you. It felt like you have died. But the lights of the ship still shined and the worried face of your shuttle's pilot was staring at you for a moment, as if worried you were to lose consciousness.

Soon, however. You land. The Sindrian Diktat floating platform was neatly adorned with frescos in Lion's Guard theme on the inside. You were watched by automated turrets and a singular soldier who seemed bored. When you enter the main hall, you see a liminal sight of windows looking on the inside into a grey place. It felt depressing for a moment. But then you saw a Sindrian Diktat soldier talking to a low figure whilst loudly sipping their coffee on purpose just to annoy them.",,Horrible place to live in and yet it was successfully colonised by Andrada's lackeys for reasons beyond comprehension. Hegemony intel suggests the established here facilities are a cover up for a top secret weapon research program.
planet_yendore,CUSTOM,High power colony established a long time ago to create control over outer parts of the Sector. A most likely misguided pursuit of resources that ironically created space for that which the Persean League seeked to eradicate. Even though the colony is under its control. The established there polity and its cultures form a loyal albeit dangerous opposition to Kazeron's political majority.,,Towers established on an endless desert took in the view of the sun. Hundreds of people gathered in them. But they were spread around. Instead of there being a singular seat of power. A swarm of towns and cities all meet up on the local internet and discuss their views violently on chats. The ultimate polity isn't voted for or enforced by any major strength. Instead the planet is a mess of anarchy that is exploited by the old ones who roam it on hoverbikes. Robbing trains nowadays.,,
planet_frozone,CUSTOM,Relatively large economical polity annexed by Persean League to reinforce its interstellar war machine.,,"The icy surface is layered with defensive structures looking out for attackers that might never arrive. Or arrive too soon. The population lives in towers creating obnoxious towns. Devoid of happiness. Daily routine flows here. Individuals wearing spacesuits suffer the lack of light and incredible cold. The thin atmosphere forms a subtle blue line when the distant sun sets. You notice a dog wearing a spacesuit. It was quite incompetent in its design. The dog, not the spacesuit.",,"Relatively large economical polity annexed by Persean League to reinforce its interstellar war machine. The designation is simple. Make goods. Consume goods. Pay taxes. These places are quite comfortable to live in. Due to the distance of the colony, the general travel bureau keeps arrivants unverified as to not complicate trade and immigration. This does create a population of quite unruly folk. But why would that matter when the capital flows?"
planet_loner,CUSTOM,Before the Collapse this planet used to be a major industrial point. Its resources were quite thoroughly exploited before it was bombed to oblivion by a swarm of raiders. The remnants of its civilization were robbed and then utilised to assemble a fleet that proceeded to terrorise the Persean Sector for the next decade.,,,,
,,,,,,
planet_gagner,CUSTOM,"Used to be a major population centre belonging to the nations of Luddic Church, but it was wiped out mostly by a significant plague the technologically backwards peacekeeping forces were unable to neutralize and control. After this significant setback, the planet modernized itself and became an enemy of Knights of Ludd politically. In hopes of ascending the Luddic Church to a slightly higher level of technological competence.",,Major red flags of polyester hanged as banners above tunnels dug through incredible stone that went for thousands of kilometres across the planet. Buses and cars travelled silently. You watched Luddic Church members dressed in clothing more reminiscent to that of edgy Eochu Bres population of middle class. But at the same time you saw soldiers who were clearly using Luddic Church equipment of anti-materiel rifles and jetpacks inspired by the Retribution’s design.,,
planet_memory,CUSTOM,An independent world established by an illuminate of secretive corporations. The mastermind behind it has not been yet revealed. But their presence here has been greatly appreciated by the Luddic Church which believes them to deter pirates to some extent.,,"Memory prides itself in the production of fuel, even though the amount it produces is in no way meaningful to the rest of the Persean Sector. Nonetheless lesser consumers appreciate its effort. And thus its economy continues to spin.",,
station_memory,CUSTOM,Large defensive structure that was built from the wreckage of an abandoned volatile mining platform that was left spinning in the orbit for hundreds of years.,Extensive graffiti has been painted all over the walls. Each of them speaking passages from some unknown to you book of Luddic faith.,,,Large defensive structure that was built from the wreckage of an abandoned volatile mining platform that was left spinning in the orbit for hundreds of years.
,,,,,,
planet_abraham_newelles,CUSTOM,The sun did not shine where this planet was. It did. Absolutely it did. But the shine was so intense. That the blinding light was to not stare at. The mines were the only place to rest. And they were a home for those there. Who were content being away. Content being among themselves.,,"The colony of Abraham Newelles was a place of misery and cold. It was dark, it was sad. And the surface was absolutely venomous. Whatever establishments that were here were high tech buried deep underground dirty on the inside nightly dorms. Where music was beating loud. Luddic Church banners were hanged about the place. As occasionally you would see their agents doing only Ludd knows what.",,
planet_brumingham,CUSTOM,The vanquished spirit of the Knights of Ludd was that which always shined in the dark of enlightened space. They were the eye that watched over those who did not wish to be watched over. And so they arrived here to protect. To establish. To save. And they did save so many. And yet they were all despised. Because in the end no one will ever truly know what the world without them would look like.,,Military structures did not fail to establish themselves in the landscape. But for every town and village there was a bottomless pit within which held military camps of ancient but practical weaponry. Ready to arm the local community to show the invaders what for.,,
,,,,,,
planet_farquaad,CUSTOM,Planet Farquaad was once a beautiful desert world that could have been inhabited by a significant population. However a mere dozen years after its discovery it collided with a large asteroid. Knocking it closer towards its primary and turning its surface into a geological nightmare.,,,,
planet_vaanita,CUSTOM,At some point the Luddic Church turned towards itself to purge political factions that did not necessarily obey the primary order. One of these factions were represented by a man named Vaanita. Who took his people and ran towards a planet he proceeded to name after himself. After some radical shifts in inner Church politics. This man was absolved. And his followers were given the right to exist.,,Vaanita was a cold but sweet world. Beautiful ice-rock hills and endless white plains. Comfortable temperature of minus 148 degrees Celsius. The Luddic Church memebers here were tolerant. They had to be in order to survive among the evaders. Therefore drug trade was allowed. You even saw a group of youngsters smoking cannabis in a metallic hallway by a ventilation shaft.,,
,,,,,,
planet_denyza,CUSTOM,A sad world built by economically ostracized from across the Persean Sector that was ultimately assimilated by Luddic Church. Devilish earthquakes tear down any real infrastructure one could build. Leaving the world forever undeveloped and roamed by camels and horses instead of trains or cars.,,"Denyza is a place which every sane person leaves. Causing only a population of devoted to Luddic beliefs crazy people to remain. The ""city"" landscape is nothing more than a swarm of tents. That during the night share the light to the sky. Cold arrives on the incredible deserts. Majority of population living by shallow salty seas.

You look up at the sky and realise something. Being out here with very little technology. The galaxy is clearly seen. And the atmosphere being dry exposes its beauty to you. Stars shined intensely.",,
planet_gangregis_khan,CUSTOM,Gangregis Khan served an extreme role in the mythos of the abandoned people of Denyza. It was believed to have been a marker of ascension towards godhood. The one one must venture to by climbing the highest mountain. Which few dared to do. These groups were later converted to Luddic faith.,,,,
planet_maronia,CUSTOM,KO Combine bought this world from the local Luddic Church polity which holds control over the system. Granted by more Gilead than the planet itself. It now harvests its decrepit cities in hopes of recovering artefacts from the age before.,,The planet is swarming with defensive structures. Difficult to be told apart from the ruins that are all around. Whispers of Luddic Path operatives fighting with rogue nations on the fringes of the city are heard. Tanks or armoured hoverbikes roam the dead streets.,,
,,,,,,
planet_null,CUSTOM,"Fringe colony born of Persean League interest in extreme minerals this planet has been infested with to the point of ridiculousness. People here are constantly working, constantly tired. Stuck in an endless cycle of repairing declining infrastructure torn apart by either storm or quakes.",,"Large structure of cages, connectors and tubes are connected to the ground. A massive influx of air suddenly hits. Causing it to move around like a skeleton on a tree hanged upside down. Reaching its arms out for reasons unknown. The fans spun. Distant sandstorms raged. The TV screen displays intense tectonic activity being present in certain regions. Footage of ground ripping open like chocolate or dry bread.",,
planet_fameless,CUSTOM,"Significant outer Sindrian Diktat colony meant to spread the influence of Andrada. Due to League's worries about its military affect deterring traders. Under a certain aggressively negotiated tractate, it was forced to abstain from personally controlling traffic in the system.",,"Black bunkers emitting thick smoke stood above dunes of carbohydrate grain. The towers of guns and missiles watched closely the sky. Feeling invaders already approaching in their veins. The cities glew dimly. Barely visibly. As the false sun above shined a bit. Either that of technology recovered, possibly bought by the Sindrian regime. Or the one that was invisible, but still granted heat.",,