{
	"starSystem":"cappuccino",
	"markets":[
		{
			"entities":["gumbat", "gumball_station"],
			"faction":"tritachyon",
			"size":6,
			"freePort":true,
			"startingConditions":[
				"population_6",
				"ruins_scattered",
				"ore_sparse",
				"volatiles_diffuse",
				"organics_abundant",
				"dense_atmosphere",
			],
			"industries":[
				"population",
				"megaport",
				"mining",
				"lightindustry",
				["commerce", "dealmaker_holosuite"],
				"starfortress_mid",
				"heavybatteries",
				"patrolhq",
			],
		},
		{
			"entities":["grabuz"],
			"faction":"independent",
			"size":3,
			"freePort":false,
			"startingConditions":[
				"population_3",
				"volatiles_diffuse",
				"organics_abundant",
				"dense_atmosphere",
				"very_cold",
			],
			"industries":[
				"population",
				"spaceport",
				"mining",
				"heavybatteries",
			],
		},
	],
}