{
	"starSystem":"parkapec",
	"markets":[
		{
			"entities":["marko"],
			"faction":"hegemony",
			"size":6,
			"startingConditions":[
				"population_6",
				"ruins_widespread",
				"organics_abundant",
				"water_surface",
			],
			"industries":[
				"population",
				"megaport",
				"aquaculture",
				"mining",
				"techmining",
				"lightindustry",
				"battlestation_mid",
				"grounddefenses",
				"patrolhq",
			],
		},
		{
			"entities":["lamar"],
			"faction":"hegemony",
			"size":4,
			"startingConditions":[
				"population_4",
				"ruins_extensive",
				"rare_ore_abundant",
				"ore_moderate",
				"volatiles_abundant",
				"organics_plentiful",
				"poor_light",
				"dense_atmosphere",
				"very_cold",
			],
			"industries":[
				"population",
				"megaport",
				"mining",
				"techmining",
				"grounddefenses",
			],
		},
		{
			"entities":["grozel"],
			"faction":"luddic_church",
			"size":6,
			"freePort":true,
			"startingConditions":[
				"luddic_majority",
				"population_6",
				"farmland_adequate",
				"rare_ore_moderate",
				"ore_moderate",
			],
			"industries":[
				"population",
				"megaport",
				"farming",
				"mining",
				"lightindustry",
				"starfortress",
				"heavybatteries",
				"militarybase",
			],
		},
	],
}



