id,age,tags,freqYOUNG,freqAVERAGE,freqOLD,New Column,minRadius,maxRadius,h-hierachy,habZoneStart,probOrbits,orbits?,minOrbits,maxOrbits,coronaMin,coronaMult,coronaVar,solarWind,minFlare,maxFlare,crLossMult,lightColorMin,lightColorMax
nebula_center_old,OLD,NEBULA,0,20,60,,0,0,0,-10,0.95,few,5,6,0,0,0,0,0,0,0,125 125 125,125 125 125
nebula_center_average,AVERAGE,NEBULA,40,80,40,,0,0,0.5,-5,1,many,12,15,0,0,0,0,0,0,0,125 125 125,125 125 125
nebula_center_young,YOUNG,NEBULA,30,10,0,,0,0,1,1,1,TONS,15,20,0,0,0,0,0,0,0,125 125 125,125 125 125
black_hole,OLD,,0,10,10,1,150,250,1,1,1,TONS,15,20,1000,1,0.5,-5,0,0,25,250 114 67,250 146 67
star_white,OLD,,0,20,20,1,150,250,1.5,2,1,many,12,15,300,1,0.25,5,0,1,2,230 230 230,255 255 255
star_browndwarf,AVERAGE,,0,80,80,1.5,500,550,1.5,2,0.95,few,5,6,150,1,0.25,1,0,0,1,140 24 34,140 24 103
star_red_dwarf,AVERAGE,,0,80,80,3,600,800,2,3,1,many,12,15,300,1,0.25,5,0,1,2,250 18 0,250 62 0
star_yellow,AVERAGE,,30,30,20,4,1000,1200,3,5,1,many,12,15,400,1,0.5,10,0,1,3,255 205 205,255 255 255
star_orange,AVERAGE,,30,30,20,4,1000,1200,3,5,1,many,12,15,400,1,0.5,10,0,1,3,202 131 131,236 154 154
star_red_giant,YOUNG,,0,5,5,5.5,2000,2200,3,5,1,TONS,15,20,500,1,0.5,5,0,1,2,201 96 56,201 122 56
star_orange_giant,YOUNG,,5,5,0,5,1500,1800,4,7,1,TONS,15,20,500,1,0.5,7,0,1,2,202 131 131,236 154 154
star_blue_giant,YOUNG,,5,5,0,5,1500,1800,4,7,1,TONS,15,20,500,1,0.5,15,0,3,5,225 226 242,225 242 242
star_red_supergiant,YOUNG,,0,2.5,2.5,7,2800,3000,4,7,1,TONS,15,20,500,1,0.5,5,0,1,2,201 96 56,201 122 56
star_blue_supergiant,YOUNG,,2.5,2.5,0,6,2400,2500,4.5,10,1,TONS,15,20,500,1,0.5,17,0,3,6,225 226 242,225 242 242
star_neutron,OLD,,0,5,5,0.5,120,150,5,20,1,TONS,15,20,2000,1000,10,25,0,0,15,197 171 255,225 171 255