id,age,tags,freqYOUNG,freqAVERAGE,freqOLD,s-hierarchy,minRadius,maxRadius,h-hierachy,habZoneStart,probOrbits,orbits?,minOrbits,maxOrbits,coronaMin,coronaMult,coronaVar,solarWind,minFlare,maxFlare,crLossMult,lightColorMin,lightColorMax
star_browndwarf,AVERAGE,,0,80,80,3,500,600,1,2,0.95,few,8,10,150,1,0.25,1,0,0,1,140 24 34,140 24 103
nebula_center_old,OLD,NEBULA,0,20,60,0,0,0,0,-5,0.95,few,8,10,0,0,0,0,0,0,0,125 125 125,125 125 125
star_neutron,OLD,,0,10,10,1,120,150,6,20,1,few,8,10,2000,1000,10,50,0,0,15,197 171 255,225 171 255
black_hole,OLD,,0,10,10,4,800,1000,2,3,1,ILLOGIC,20,30,1000,1,0.5,-10,0,0,25,250 114 67,250 146 67
nebula_center_average,AVERAGE,NEBULA,40,80,40,0,0,0,0,-5,1,many,12,15,0,0,0,0,0,0,0,125 125 125,125 125 125
star_red_dwarf,AVERAGE,,0,80,80,4,600,1000,2,3,1,many,12,15,300,1,0.25,5,0,1,2,250 18 0,250 62 0
star_yellow,AVERAGE,,30,30,20,5,1000,1200,3,5,1,many,12,15,400,1,0.5,10,0,1,3,255 205 205,255 255 255
star_orange,AVERAGE,,30,30,20,5,1000,1200,3,5,1,many,12,15,400,1,0.5,10,0,1,3,202 131 131,236 154 154
star_white,OLD,,0,20,20,2,200,300,1,2,1,many,12,15,300,1,0.25,5,0,1,2,202 202 250,204 231 250
nebula_center_young,YOUNG,NEBULA,30,10,0,0,0,0,1,2,1,many,12,15,0,0,0,0,0,0,0,125 125 125,125 125 125
star_red_giant,YOUNG,,0,10,10,7,1500,1800,3,5,1,TONS,15,20,500,1,0.5,5,0,1,2,201 96 56,201 122 56
star_orange_giant,YOUNG,,10,10,0,6,1200,1500,4,7,1,TONS,15,20,500,1,0.5,7,0,1,2,202 131 131,236 154 154
star_blue_giant,YOUNG,,10,10,0,6,1200,1500,4,7,1,TONS,15,20,500,1,0.5,15,0,3,5,225 226 242,225 242 242
star_red_supergiant,YOUNG,,0,5,5,8,1800,2000,4,7,1,TONS,15,20,500,1,0.5,5,0,1,2,201 96 56,201 122 56
star_blue_supergiant,YOUNG,,5,5,0,7,1500,1800,5,10,1,TONS,15,20,500,1,0.5,17,0,3,6,225 226 242,225 242 242