{
	"starSystem":"algebbar",
	"markets":[
		{
			"entities":["epiphany"],
			"faction":"luddic_path",
			"size":6,
			"startingConditions":[
				"decivilized_subpop",
				"luddic_majority",
				"population_6",
				"ruins_widespread",
				"farmland_poor",
				"rare_ore_moderate",
				"ore_abundant",
				"tectonic_activity",
				"habitable",
			],
			"industries":[
				"population",
				"spaceport",
				"farming",
				"lightindustry",
				"grounddefenses",
				"patrolhq",
			],
		},
	],
}



