{
	"starSystem":"vancouver",
	"markets":[
		{
			"entities":["abraham_newelles"],
			"faction":"independent",
			"size":3,
			"startingConditions":[
				"population_3",
				"ruins_scattered",
				"rare_ore_rich",
				"organics_common",
				"volatiles_trace",
				"ore_rich",
				"volatiles_trace",
				"thin_atmosphere",
				"tectonic_activity",
			],
			"industries":[
				"population",
				"megaport",
				"mining",
				"heavybatteries",
				"patrolhq",
			],
		},
		{
			"entities":["brumingham"],
			"faction":"luddic_church",
			"size":4,
			"startingConditions":[
				#"luddic_majority",
				"population_4",
				"rare_ore_abundant",
				"ore_abundant",
				"thin_atmosphere",
			],
			"industries":[
				"population",
				"megaport",
				"mining",
				"refining",
				"heavybatteries",
				"patrolhq",
				"orbitalstation_mid",
			],
		},
		{
			"entities":["darknight_pirate_station"],
			"faction":"pirates",
			"size":3,
			"startingConditions":[
				"population_3",
				"irradiated",
			],
			"industries":[
				"population",
				"spaceport",
				"orbitalstation_mid",
				"militarybase",
				"heavybatteries",
			],
		},
		],
}