{
	"starSystem":"canaan",
	"markets":[
		{
			"entities":["gilead"],
			"faction":"luddic_church",
			"size":8,
			"startingConditions":[
				"luddic_majority",
				"population_8",
				"farmland_rich",
				"rare_ore_sparse",
				"ore_moderate",
				"mild_climate",
				"tectonic_activity",
				"habitable",
			],
			"industries":[
				"population",
				"megaport",
				"farming",
				"lightindustry",
				"commerce",
				"starfortress",
				"grounddefenses",
				"patrolhq",
			],
		},
		{
			"entities":["asher"],
			"faction":"luddic_church",
			"size":5,
			"startingConditions":[
				"luddic_majority",
				"pollution",
				"population_5",
				"rare_ore_abundant",
				"ore_abundant",
				"thin_atmosphere",
				"habitable",
			],
			"industries":[
				"population",
				"megaport",
				"mining",
				"refining",
				["orbitalworks", "corrupted_nanoforge"],
				"heavybatteries",
				"patrolhq",
			],
		},
	],
	
}



