{
	"starSystem":"cappuccino",
	"markets":[
		{
			"entities":["gumbat", "gumball_station"],
			"faction":"tritachyon",
			"size":4,
			"startingConditions":[
				"population_4",
				"rare_ore_abundant",
				"ore_moderate",
				"volatiles_plentiful",
				"organics_common",
				"dense_atmosphere",
				"tectonic_activity",
				"habitable",
			],
			"industries":[
				"population",
				"megaport",
				"mining",
				"lightindustry",
				"commerce",
				"battlestation_mid",
				"heavybatteries",
				"patrolhq",
			],
		},
		{
			"entities":["grabuz"],
			"faction":"independent",
			"size":3,
			"startingConditions":[
				"population_3",
				"volatiles_plentiful",
				"organics_common",
				"dense_atmosphere",
				"poor_light",
				"very_cold",
				"non_dense_giant",
			],
			"industries":[
				"population",
				"spaceport",
				"mining",
				"grounddefenses",
			],
		},
	],
}