{
	"starSystem":"eos",
	"markets":[
		{
			"entities":["tartessus"],
			"faction":"luddic_church",
			"size":7,
			"startingConditions":[
				"luddic_majority",
				"population_7",
				"farmland_poor",
				"ore_moderate",
				"habitable",
			],
			"industries":[
				"population",
				"spaceport",
				"farming",
				"lightindustry",
				"commerce",
				"battlestation_mid",
				"grounddefenses",
				"patrolhq",
			],
		},
		{
			"entities":["hesperus"],
			"faction":"luddic_church",
			"size":5,
			"startingConditions":[
				"luddic_majority",
				"population_5",
				"volatiles_diffuse",
				"organics_common",
				"thin_atmosphere",
			],
			"industries":[
				"population",
				"megaport",
				"mining",
				"fuelprod",
				"starfortress",
				"heavybatteries",
				"militarybase",
			],
		},
		{
			"entities":["baetis"],
			"faction":"independent",
			"size":4,
			"startingConditions":[
				"population_4",
				"rare_ore_abundant",
				"ore_abundant",
				"volatiles_diffuse",
				"poor_light",
				"thin_atmosphere",
			],
			"industries":[
				"population",
				"megaport",
				"heavybatteries",
				"mining",
				"militarybase",
			],
		},
	],


}



