{
	"starSystem":"moronia",
	"markets":[
		{
			"entities":["vaanita"],
			"faction":"luddic_church",
			"freePort":true,
			"size":5,
			"startingConditions":[
				"luddic_majority",
				"population_5",
				"ruins_scattered",
				"rare_ore_moderate",
				"volatiles_abundant",
				"organics_common",
				"thin_atmosphere",
			],
			"industries":[
				"population",
				"megaport",
				"mining",
				"lightindustry",
				"heavybatteries",
				"battlestation_mid",
				"militarybase",
			],
		},
		],
}



