{
	"starSystem":"morokoon",
	"markets":[
		{
			"entities":["gyas_a"],
			"faction":"sindrian_diktat",
			"size":3,
			"startingConditions":[
				"population_3",
				"rare_ore_rich",
				"ore_ultrarich",
				"volatiles_abundant",
				"organics_abundant",
				"toxic_atmosphere",
				"very_hot",
				"high_gravity",
			],
			"industries":[
				"population",
				"megaport",
				"mining",
				"heavybatteries",
			],
		},
		{
			"entities":["yendore"],
			"faction":"persean",
			"size":6,
			"startingConditions":[
				"population_6",
				"decivilized_subpop",
				"ruins_widespread",
				"rare_ore_moderate",
				"ore_sparse",
				"hot",
				"habitable",
			],
			"industries":[
				"population",
				"megaport",
				"mining",
				"techmining",
				"refining",
				"battlestation_high",
				"heavybatteries",
				"militarybase",
			],
		},
		{
			"entities":["frozone_a"],
			"faction":"persean",
			"size":4,
			"freePort":true,
			"startingConditions":[
				"population_4",
				"rare_ore_moderate",
				"volatiles_diffuse",
				"organics_common",
				"poor_light",
				"thin_atmosphere",
			],
			"industries":[
				"population",
				"megaport",
				"mining",
				"lightindustry",
				"grounddefenses",
				"patrolhq",
			],
		},
		],
}



