{
	"starSystem":"parkapec",
	"markets":[
		{
			"entities":["marko"],
			"faction":"hegemony",
			"size":5,
			"startingConditions":[
				"population_5",
				"rare_ore_moderate",
				"ore_sparse",
				"volatiles_trace",
				"water_surface",
			],
			"industries":[
				"population",
				"megaport",
				"mining",
				"aquaculture",
				"heavybatteries",
				"militarybase",
			],
		},
		{
			"entities":["lamar"],
			"faction":"hegemony",
			"size":4,
			"startingConditions":[
				"population_4",
				"ruins_vast",
				"ore_moderate",
				"volatiles_diffuse",
				"organics_abundant",
				"poor_light",
				"dense_atmosphere",
				"very_cold",
			],
			"industries":[
				"population",
				"megaport",
				"techmining",
				"mining",
				"grounddefenses",
			],
		},
		{
			"entities":["new_bebop"],
			"faction":"luddic_church",
			"freePort":true,
			"size":4,
			"startingConditions":[
				"population_4",
				"volatiles_plentiful",
				"organics_common",
				"dense_atmosphere",
				"non_dense_giant",
			],
			"industries":[
				"population",
				"megaport",
				"mining",
				"lightindustry",
				"heavybatteries",
				"battlestation",
				"patrolhq",
			],
		},
#		{
#			"entities":["grozel"],
#			"faction":"luddic_church",
#			"size":5,
#			"freePort":true,
#			"startingConditions":[
#				"luddic_majority",
#				"population_5",
#				"farmland_adequate",
#				"rare_ore_moderate",
#				"organics_common",
#			],
#			"industries":[
#				"population",
#				"megaport",
#				"farming",
#				"mining",
#				"lightindustry",
#				"battlestation",
#				"heavybatteries",
#				"patrolhq",
#			],
#		},
	],
}



