{
	"starSystem":"vancouver",
	"markets":[
		{
			"entities":["abraham_newelles"],
			"faction":"luddic_church",
			"size":3,
			"startingConditions":[
				"population_3",
				"ruins_scattered",
				"rare_ore_abundant",
				"ore_abundant",
				"volatiles_trace",
				"thin_atmosphere",
				"tectonic_activity",
			],
			"industries":[
				"population",
				"spaceport",
				"mining",
				"grounddefenses",
			],
		},
		{
			"entities":["brumingham"],
			"faction":"luddic_church",
			"size":5,
			"startingConditions":[
				#"luddic_majority",
				"population_5",
				"rare_ore_sparse",
				"ore_abundant",
				"thin_atmosphere",
			],
			"industries":[
				"population",
				"megaport",
				"mining",
				"refining",
				"heavybatteries",
				"militarybase",
			],
		},
		],
}