id,trigger,conditions,script,text,options,notes
#Parkapec,,,,,,
flavorTextMarketGrozel,TradePanelFlavorText,"$global.tradePanelMode == MARKET
$faction.id == luddic_church
$market.id == grozel score:100
$stability > 4","AddText ""A large and beautiful market swirling with colours is displayed before you. You would never expect so many of Luddic Church faith to embark on a journey of such sin. As to sell mobile devices, television screens, compositions of synthetic flowers. Paintings of nudity, war and cataclysms. Traditional weapons such as swords and rapiers. Neoclassical armours. Even substances to some extent. You are free to purchase even hallucinogenic mushrooms farmed in the station's massive aquaponic halls. But all of this is watched from above."" marketFlavorTextColor
AddText ""A mysterious group of shades with glowing red eyes. The many elements of mafia are interwoven into the here society's fabric. But in the end they all serve the one and true Ludd. And all of this is just means to an end. And it will perhaps one day vanish, once that end is reached. When the Knights finally descend upon this place and force their rigour upon it."" marketFlavorTextColor",,,
flavorTextMarkeGrozelUnstable,TradePanelFlavorText,"$global.tradePanelMode == MARKET
$faction.id == luddic_church
$market.id == grozel score:100","AddText ""It's quiet today. Or maybe every day. There is no one about at all. There are a few markets, but only of the essentials. You see groups of strange men with weapons walking around. And soon you spot a great mechanised trooper with a massive jetpack. He wields an anti-materiel rifle, as if a tank where to bust through a nearby wall. You see an old lady purchasing vegetables from a young man. He smiles back to her as she says hello in a language you don't understand."" marketFlavorTextColor",,,
bar_descGrozel,BarPrintDesc,"$faction.id == luddic_church
$market.id == grozel score:100
$stability > 4",,"Subtle synthetic music was beating from the stereo system somewhere out here. Members of Luddic Church intently discussed philosophy whilst sipping champaign. Meanwhile a group of robed figures watched them whilst drinking tea and sharing a piece of a giant chocolate cake you saw on a display when entering. You see outsiders. People dressed in clothing that was clearly not made here. They had guns in their holsters. But they were afraid. A person wearing a suit was watching you from above for a moment, before disappearing in the dark.",,
bar_descGrozelUnstable,BarPrintDesc,"$faction.id == luddic_church
$market.id == grozel score:100",,"There was no music. Just void. There was alcohol displayed behind the counter. A man with a shotgun was standing by the entrance. You looked around. Few figures. And the one that you noticed the most was a man. A strange man wearing a suit. This time he was staring at you for a good couple of seconds, before disappearing.",,
,,,,,,
bar_descLamar,BarPrintDesc,"$faction.id == hegemony
$market.id == lamar score:100
$stability > 4",,"Those who move about the ruins hidden in the endless dunes of devoid of life Lamar spend their nights cuddling or ranting. You see sofas, comfortable chairs, low wooden tables. Dim displays show images of historic Hegemony figures or ships. A picture of an Onslaught hanging above an Eventide city bathing in dark for example. Or previous High Hegemon shaking hands with a Luddic Church leader wearing thick robes, who was later revealed to be both a murderer and a pedophile. The barman was a bearded man who was chewing intensely a piece of gum. Which was most likely some organic rubber imported from Jangala. A world of quite fame here. Behind him is a row of whiskey bottles. A huge coffee maker. And before him laid a swarm of croissants and other dough or flour produce.",,
bar_descLamarUnstable,BarPrintDesc,"$faction.id == hegemony
$market.id == lamar score:100",,Lights were even dimmer than usual. Singular figures drinking alcohol replaced old couples or groups of friends. The barman watched you with some distain before shifting to a patient given-up look.,,
flavorTextMarketLamar,TradePanelFlavorText,"$global.tradePanelMode == MARKET
$faction.id == hegemony
$market.id == lamar score:100","AddText ""A line of hangars lie before you. And there are ships here. Obviously. Along soldiers, crewmen. Etc. The windows leading outside display an endless haze and darkness. Nothing. But looking up, you see some light. What was the light? A ship parked above or the sun? Or the other sun? Who knows?"" marketFlavorTextColor",,,
,,,,,,
flavorTextMarketMarko,TradePanelFlavorText,"$global.tradePanelMode == MARKET
$faction.id == hegemony
$market.id == marko score:100
$stability > 4","AddText ""A stockpiling installation underwater rested in a moving location in the middle of nowhere. Literally. As this whole planet was the middle of nowhere. Orange lights and orange suits walked around. You saw suspicious figures as well as white-dressed individuals who were from some middle class or perhaps dressed nicely for their economical status. A group of university students were listening to a soldier of some sort yap about things. Explaining how important it is to maintain an antimatter canister. Even though technically it isn't."" marketFlavorTextColor",,,
flavorTextMarketMarkoUnstable,TradePanelFlavorText,"$global.tradePanelMode == MARKET
$faction.id == hegemony
$market.id == marko score:100","AddText ""You travel to a secret boat that leads you to a secret underwater base where ships are still stationed. There aren't many of them. But there are a few. You are constantly watched by a person who seems to hate life or is generally tired. You see a group of power-armour wearing soldiers with miniguns and large plasma rifles. They seem to be intensely arguing over something. When suddenly their captain barks something through their audio system which could not be comprehended even by an Alpha-level artificial intelligence core."" marketFlavorTextColor",,,
bar_descMarko,BarPrintDesc,"$faction.id == hegemony
$market.id == marko score:100
$stability > 4",,A boat moved in the middle of the sea. The gentle waves pushed it. You watched the gas giant move up in the sky. It was a strange sight. Quite strange indeed. You had to wear a mask to protect your eyes and lungs from the inconsistent atmosphere. The one that kills humans quite easily. Nothing to breath. You enter back into the bar. And you see smiling fat friends. Joking about things. Whilst drinking tea and devouring fish along strange blue greenery. The fruits of the depths. Near the bar is a group of women. Talking loudly. Dressed in manly clothing. And to your side you see a member of your crew staring in depression at the table ahead of him. Waiting for his meal to be served.,,
bar_descMarkoUnstable,BarPrintDesc,"$faction.id == hegemony
$market.id == marko score:100",,You see an ugly poorly-dressed barman staring at you from behind a counter. As if it were a place to drink in hell. The outside world was quiet. Very few boats. And they seemed to be capable of submering themselves in case something goes South. In the bar was absolutely no one. Then you feel someone nudging you. You turn around. A suspicious figure invites you to take a ride on a boat. The boat submerges and soon you find yourself in a location thousands of meters below the ocean's surface. And there in a utilitarian facility. People dwell.,,
,,,,,,
#Cappucinno,,,,,,
flavorTextMarketGumbat,TradePanelFlavorText,"$global.tradePanelMode == MARKET
$faction.id == tritachyon
$market.id == gumbat score:100
$stability > 4","AddText ""A massive dome under which laid a huge market. A variety of goods being displayed. Individuals running around. Wearing suits. Wearing armour. Officer attire. There were also spacers. Dressed in things that did not quite made sense here. The shine of the brown dwarf was pinkish, but mostly dim. Lights enlightened you from certain places. Huge neon signs. Screens displaying ships. News. A restaurant without tables was calling someone to pick their order."" marketFlavorTextColor",,,"AddText ""The station was filled with life. Trees would grow in this simulated gravity inside areas of nothing. Individuals wearing aesthetic attire would pass you as you watched the distant star of dark grant you this delicate touch of heat. With its invisible hands. The surface of the planet was beneath you. And it reflected the light with some vividity. But soon enough you turned your eyes towards the many screens. And the people behind them. Trying to sell you products you might not need."" marketFlavorTextColor"
flavorTextMarkeGumbatUnstable,TradePanelFlavorText,"$global.tradePanelMode == MARKET
$faction.id == tritachyon
$market.id == gumbat score:100","AddText ""Instead of taking place in the shine of the brown dwarf. The station descended lower. Covers were raised. Acid was raining. The sound of intense winds and legions of droplets hitting the surface of the structure echoed across the place. Creating a feeling of unease. You noticed a group of Tri-Tachyon operatives watching you. But soon they turned their eye towards something else. And even sooner they exited the room."" marketFlavorTextColor",,,"AddText ""It was dark in here. The covers were down. The shields were up. Tri-Tachyon operatives or mercenary soldiers were seen walking in the shadows. Lights shined. Screens did too, but there were images of horrible things going on all around. Something was obviously very wrong. And you knew what it was. But at that very moment it didn't matter."" marketFlavorTextColor"
bar_descGumbat,BarPrintDesc,"$faction.id == tritachyon
$market.id == gumbat score:100
$stability > 4",,Some bars were below the surface. The surface of the infinite clouds. But this one overlooked them instead. You were far up. Far up even above the main cities. Looking over this all. You saw structures. You saw clouds. You saw the quasi-sunset. It was all so incredibly beautiful.,,The strangest part of the bar was a massive holographic figure dancing and singing on the stage. Instruments played. Her voice was quite annoying at first. But soon you got used to it. You watched people who seemed shady enter or leave. And the barman was a woman of significant height with a bald head. Next to her hanged a screen displaying in dim colours mountains of Eochu Bres.
bar_descGumbatUnstable,BarPrintDesc,"$faction.id == tritachyon
$market.id == gumbat score:100",,"Instead of looking at the endless sky. The bar was set some distance above the surface. Looking through the haze, you saw the perplexed landscape. It was still quite cosy in here. The light of the brown dwarf barely reached down here. It was diffused. Odd. And soon complete darkness ascended. You felt safe here.",,The bar was filled with people. Drinking. The stage had a live group playing jazz very loudly. You approach the bar and order something. And then notice in the corner of your eye the news feed. Things going horribly. Stupidity soon befell upon you as you drank more and more.
,,,,,,
flavorTextMarketGrabuz,TradePanelFlavorText,"$global.tradePanelMode == MARKET
$faction.id == independent
$market.id == grabuz score:100","AddText ""A quite large nonsensical station completely devoid of people hanged far up in the sky of what constituted nothing but sky. You hear people mumbling something quietly. It seemed as if they were speaking in an alien language. An individual of some sort was staring at you from the darkness. You soon realise it was a hooker. And then she disappeared. That's how life was in here. Like nothing. Nothing to do. Just void. A few thousand people. They all knew each other. The goods they sold were worthless. And the lives they led were probably too. And yet you feel deep inside that that might be the true meaning of life. And that might be the one thing that might make one happy."" marketFlavorTextColor",,,
bar_descGrabuz,BarPrintDesc,"$faction.id == independent
$market.id == grabuz score:100",,"Arriving on the ice giant, barely anything is happening here. Just nonsense. And in the bar was quite the same. The view outside was just darkness. Clouds. Stars. The universe was shining out there. And inside the bar was dark. And there was this smell of strange alcohol in the air. You contemplated your life in this atmosphere for a moment, before resuming.",,