star_orange_giant,star_red_giant,star_red_supergiant,star_red_dwarf,star_orange,star_yellow,star_browndwarf,star_white,star_blue_giant,star_blue_supergiant,star_neutron,black_hole,binary,trinary,id,type,category,frequency,habOffsetMin,habOffsetMax,habOffsetYOUNG,habOffsetAVERAGE,habOffsetOLD,YOUNG,AVERAGE,OLD,tags,probOrbits,minOrbits,maxOrbits,size class,minRadius,maxRadius,minColor,maxColor,cat_giant,cat_cryovolcanic,cat_lava,cat_irradiated,cat_toxic,cat_hab1,cat_hab2,cat_hab3,cat_hab4,cat_frozen,cat_barren,lagrange,in_asteroids,is_moon
,,,,,,,,,,,,0.5,0.5,,CATEGORY,cat_barren,4,,,,,,,,,,,,,,,,,,,,,,,,,,,,,2,2,0
,,,,,,,,,,,,,,rocky_ice,PLANET,cat_barren,16,2,100,,,,,,,,0.45,0,1,ANY,100,180,220 240 250,255 255 255,,,,,0,0,0,0,0,0,0,,,
,,,,,,,,,,,,,,barren,PLANET,cat_barren,2,-2,100,,,,,,,,0,,,TINY,90,100,220 220 220,255 255 255,,,,,,,,,,,,,,
,,,,,,,,,,,,,,barren_castiron,PLANET,cat_barren,2,-2,100,,,,,,,,0,,,TINY,90,100,220 220 220,255 255 255,,,,,,,,,,,,,,
,,,,,,,,,,,,,,barren_venuslike,PLANET,cat_barren,2,-2,100,,,,,,,,0,,,TINY,90,100,240 240 230,255 255 255,,,,,,,,,,,,,,
,,,,,,,,,,,,,,barren2,PLANET,cat_barren,2,-2,100,,,,,,,,0,,,TINY,90,100,220 220 220,255 255 255,,,,,,,,,,,,,,
,,,,,,,,,,,,,,barren3,PLANET,cat_barren,2,-2,100,,,,,,,,0,,,TINY,90,100,220 220 220,255 255 255,,,,,,,,,,,,,,
,,,,,,,,,,,,,,rocky_unstable,PLANET,cat_barren,8,-3,0,,,,,,,,0,,,ANY,100,180,106 99 77,192 179 143,,,,,0,0,0,0,0,0,0,0,0,
,,,,,,,,,,,,,,barren-bombarded,PLANET,cat_barren,16,-3,0,,,,,,,,0,,,ANY,100,180,220 220 220,255 255 255,,,,,0,0,0,0,0,0,0,0,0,
,,,,,,,,,,,,,,rocky_metallic,PLANET,cat_barren,4,-5,0,,,,,,,,0.95,1,2,HEAVY,150,180,90 112 250,90 163 250,,0,0,0,0,0,0,0,0,0,0,0,0,
,,,,,,,,,,,,0.5,0.5,,CATEGORY,cat_cryovolcanic,2,,,,,,,,0.5,,,,,,,,,,,0,0,0,0,0,0,0,0,0,0,0,0,0
,,,,,,,,,,,,,,cryovolcanic,PLANET,cat_cryovolcanic,10,2,100,,,,,,,,0.95,1,2,HEAVY,150,180,200 220 230,255 255 255,,,,,,,,,,,,,,
,,,,,,,,,,,,0.5,0.5,,CATEGORY,cat_frozen,8,,,,,,,,0.5,,,,,,,,,,,,,,,,,,,0,0,,,0
,,,,,,,,,,,,,,frozen,PLANET,cat_frozen,10,2,100,,,,,,,,0.45,0,1,ANY,100,180,200 220 230,255 255 255,,,,,,,,,,,,,,
,,,,,,,,,,,,,,frozen1,PLANET,cat_frozen,10,2,100,,,,,,,,0.45,0,1,ANY,100,180,200 220 230,255 255 255,,,,,,,,,,,,,,
,,,,,,,,,,,,,,frozen2,PLANET,cat_frozen,10,2,100,,,,,,,,0.45,0,1,ANY,100,180,200 220 230,255 255 255,,,,,,,,,,,,,,
,,,,,,,,,,,,,,frozen3,PLANET,cat_frozen,10,2,100,,,,,,,,0.45,0,1,ANY,100,180,200 220 230,255 255 255,,,,,,,,,,,,,,
,,,,,,,,,,0,,0.5,0.5,,CATEGORY,cat_giant,8,,,,,,,,0.5,,,,,,,,,,0,0,0,0,0,0,0,0,0,0,0,0,0,0
,,,,,,,,,,,,,,water_giant,PLANET,cat_giant,4,-1,1,,,,,,,,0.95,2,2,GAS LESS,240,300,57 100 169,58 171 170,,,,,,,,,,,,,,
,,,,,,,,,,,,,,gas_giant,PLANET,cat_giant,2,-1,100,,,,,,,,0.95,2,4,GAS BIG,300,360,180 160 150,255 255 255,,,,,,,,,,,,,,
,,,,,,,,,,,,,,fire_giant,PLANET,cat_giant,2,-100,-3,,,,,,,,0.95,1,1,GAS BIG,300,360,75 0 62,109 0 91,,,,,,,,,,,,,,
,,,,,,,,,,,,,,ice_giant,PLANET,cat_giant,4,2,100,,,,,,,,0.95,2,2,GAS LESS,240,300,58 66 171,58 137 171,,,,,,,,,,,,,,
,,,,,,,,,,,,0.5,0.5,,CATEGORY,cat_hab1,2,,,,,,,,0.5,,,,,,,,,,,,,,0,0,0,0,0,0,0,,,0
,,,,,,,,,,,,,,barren-desert,PLANET,cat_hab1,10,-1,2,,,,,,,,0.45,0,1,MEDIUM,100,150,240 220 230,255 255 255,,,,,,,,,,,,,,
,,,,,,,,,,,,0.5,0.5,,CATEGORY,cat_hab2,4,,,,,,,,0.5,,,,,,,,,,,,,,0,0,0,0,0,0,0,0,0,0
,,,,,,,,,,,,,,desert,PLANET,cat_hab2,10,-2,1,,,,,,,,0.45,0,1,MEDIUM,100,150,240 220 230,255 255 255,,,,,,,,,,,,,,
,,,,,,,,,,,,,,desert1,PLANET,cat_hab2,10,-2,1,,,,,,,,0.45,0,1,MEDIUM,100,150,240 220 230,255 255 255,,,,,,,,,,,,,,
,,,,,,,,,,,,0.5,0.5,,CATEGORY,cat_hab3,8,,,,,,,,0.5,,,,,,,,,,,,,,0,0,0,0,0,0,0,,,0
,,,,,,,,,,,,,,terran-eccentric,PLANET,cat_hab3,2,1,2,,,,,,,,0.45,0,1,MEDIUM,100,150,220 240 230,255 255 255,,,,,,,,,,,,0,0,
,,,,,,,,,,,,,,jungle,PLANET,cat_hab3,4,-1,0,,,,,,,,0.45,0,1,MEDIUM,100,150,220 240 230,255 255 255,,,,,,,,,,,,0,0,
,,,,,,,,,,,,,,water,PLANET,cat_hab3,8,-1,1,,,,,,,,0.45,0,1,ANY,100,180,0 87 127,0 161 236,,,,,,,,,,,,,,
,,,,,,,,,,,,0.5,0.5,,CATEGORY,cat_hab4,2,,,,,,,,0.5,,,,,,,,,,,,,,0,0,0,0,0,0,0,0,0,0
,,,,,,,,,,,,,,terran,PLANET,cat_hab4,2,0,0,,,,,,,,0.45,0,1,MEDIUM,100,150,220 240 230,255 255 255,,,,,,,,,,,,,,
,,,,,,,,,,,,,,tundra,PLANET,cat_hab4,2,0,1,,,,,,,,0.45,0,1,MEDIUM,100,150,200 230 240,255 255 255,,,,,,,,,,,,,,
,,,,,,,,,,,,,,arid,PLANET,cat_hab4,8,-1,0,,,,,,,,0.45,0,1,MEDIUM,100,150,240 220 230,255 255 255,,,,,,,,,,,,,,
,,,,,,,,,,,,0.5,0.5,,CATEGORY,cat_hab5,2,,,,,,,,0.5,,,,,,,,,,,,,,,,,,,,,,,0
,,,,,,,,,,,,0.5,0.5,,CATEGORY,cat_irradiated,2,,,,,,,,0.5,,,,,,,,,,,0,0,0,0,0,0,0,0,0,0,0,0,0
,,,,,,,,,,,,,,irradiated,PLANET,cat_irradiated,10,1,2,,,,,,,,0.45,0,1,HEAVY,150,180,220 220 220,255 255 255,,,,,,,,,,,,,,
,,,,,,,,,,,,0.5,0.5,,CATEGORY,cat_lava,4,,,,,,,,0.5,,,,,,,,,,,0,0,0,0,0,0,0,0,0,0,0,0,0
,,,,,,,,,,,,,,lava_minor,PLANET,cat_lava,10,-1,2,,,,,,,,0.45,0,1,MEDIUM,150,180,98 105 158,98 143 158,,,,,,,,,,,,,,
,,,,,,,,,,,,,,lava,PLANET,cat_lava,10,-100,-3,,,,,,,,0.95,1,2,HEAVY,150,180,235 191 188,255 255 255,,,,,,,,,,,,,,
,,,,,,,,,,,,,,,CATEGORY,cat_magfield,8,,,,,,,,,,,,,,,,,,,,,,,,,,,,,,,
,,,,,,,,,,,,,,magnetic_field,TERRAIN,cat_magfield,10,,,,,,,,,"first_orbit_only, not_NEBULA_unless_moon",,,,,,,,,,,,,,,,,,,,,,
,,,,,,,,,,,,,,,CATEGORY,cat_nothing,64,,,,,,,,,,,,,,,,,,,,,,,,,,,,,,,
0,0,0,0,0,0,0,0,0,0,0,,0,0,,CATEGORY,cat_terrain_accretion,131072,,,,,,,,,,,,,,,,,,0,0,0,0,0,0,0,0,0,0,0,0,0,0
,,,,,,,,,,,,,,accretion_disk,TERRAIN,cat_terrain_accretion,10,,,,,,,,,"first_orbit_only, not_NEBULA_unless_moon",,,,,,,230 230 230,255 255 255,,,,,,,,,,,,,,
,,,,,,,,,,,,,,,CATEGORY,cat_terrain_lagrange,32,,,,,,,,2,,,,,,,,,,,,,,,,,,,,,,0,0
,,,,,,,,,,,,,,asteroid_field,TERRAIN,cat_terrain_lagrange,10,-2,100,,,,,,,lagrange_only,,,,,,,,,,,,,,,,,,,,,,
,,,,,,,,,,,,,,nebula_small,TERRAIN,cat_terrain_lagrange,10,-2,100,,,,,,,"lagrange_only, not_in_nebula",,,,,,,,,,,,,,,,,,,,,,
,,,,,,,,,,,,0,0,,CATEGORY,cat_terrain_rings,16,,,,,,,,2,,,,,,,,,,,,,,,,,,,,,0,0,0
,,,,,,,,,,,,,,rings_nothing,TERRAIN,cat_terrain_rings,0,,,,,,,,,,,,,,,,,,,,,,,,,,,,,,,
,,,,,,,,,,,,,,ring_ice,TERRAIN,cat_terrain_rings,4,2,100,,,,,,,not_NEBULA_unless_moon,,,,,,,230 230 230,255 255 255,,,,,,,,,,,,,,
,,,,,,,,,,,,,,ring_special,TERRAIN,cat_terrain_rings,2,2,100,,,,,,,not_NEBULA_unless_moon,,,,,,,230 230 230,255 255 255,,,,,,,,,,,,,,
,,,,,,,,,,,,,,asteroid_belt,TERRAIN,cat_terrain_rings,2,-2,100,,,,,,,not_NEBULA_unless_moon,,,,,,,,,,0,0,0,0,0,0,0,0,0,0,,,
,,,,,,,,,,,,,,ring_dust,TERRAIN,cat_terrain_rings,4,-2,100,,,,,,,not_NEBULA_unless_moon,,,,,,,230 230 230,255 255 255,,,,,,,,,,,,,,
,,,,,,,,,,,,0.5,0.5,,CATEGORY,cat_toxic,2,,,,,,,,0.5,,,,,,,,,,,,,,0,0,0,0,0,0,0,,,0
,,,,,,,,,,,,,,toxic,PLANET,cat_toxic,10,-3,1,,,,,,,,0.45,0,1,ANY,100,180,220 220 220,255 255 255,,,,,,,,,,,,,,
,,,,,,,,,,,,,,toxic_cold,PLANET,cat_toxic,10,2,100,,,,,,,,0.45,0,1,ANY,100,180,217 165 108,217 206 108,,,,,,,,,,,,,,