name,id,planetary,decivRemove,script,desc,icon,order
Non-Dense Giant,non_dense_giant,TRUE,,com.fs.starfarer.api.impl.campaign.econ.BaseHazardCondition,$market isn't strong enough to enact a horrible gravitational pull upon its inhabitants. Making life on it slightly more feasible.,graphics/icons/markets/dust_storm.png,24
Alluring,alluring_terran,TRUE,,com.fs.starfarer.api.impl.campaign.econ.MildClimate,There's just something right about it.,graphics/icons/markets/terran_world_wide.png,28
Unfair,unfair_midnight,TRUE,,com.fs.starfarer.api.impl.campaign.econ.HighGravity,Dawn will never come.,graphics/icons/markets/twilight_terran_world.png,28
Unfair,unfair_water,TRUE,,com.fs.starfarer.api.impl.campaign.econ.HighGravity,Dawn will never come.,graphics/icons/markets/water_world_wide.png,28
Powerful,power_lava,TRUE,,com.fs.starfarer.api.impl.campaign.econ.DecivilizedSubpop,It is hate.,graphics/icons/markets/lava_world_wide.png,28
Powerful,power_cryo,TRUE,,com.fs.starfarer.api.impl.campaign.econ.DecivilizedSubpop,It is hate.,graphics/icons/markets/cryo_world_wide.png,28
Powerful,power_jungle,TRUE,,com.fs.starfarer.api.impl.campaign.econ.DecivilizedSubpop,It is hate.,graphics/icons/markets/jungle_world_wide.png,28