{
	"starSystem":"parkapec",
	"markets":[
		{
			"entities":["marko"],
			"faction":"hegemony",
			"size":5,
			"startingConditions":[
				"population_5",
				"ruins_scattered",
				"rare_ore_moderate",
				"ore_moderate",
				"volatiles_diffuse",
				"water_surface",
				"mild_climate",
			],
			"industries":[
				"population",
				"megaport",
				"aquaculture",
				"mining",
				"techmining",
				"battlestation_mid",
				"grounddefenses",
				"patrolhq",
			],
		},
		{
			"entities":["lamar"],
			"faction":"hegemony",
			"size":4,
			"startingConditions":[
				"population_4",
				"ruins_extensive",
				"rare_ore_abundant",
				"ore_moderate",
				"volatiles_abundant",
				"organics_plentiful",
				"poor_light",
				"dense_atmosphere",
				"very_cold",
			],
			"industries":[
				"population",
				"megaport",
				"mining",
				"techmining",
				"orbitalstation",
				"grounddefenses",
			],
		},
		{
			"entities":["grozel"],
			"faction":"luddic_church",
			"size":4,
			"freePort":true,
			"startingConditions":[
				"luddic_majority",
				"population_4",
				"farmland_adequate",
				"rare_ore_moderate",
				"ore_moderate",
				"irradiated",
			],
			"industries":[
				"population",
				"megaport",
				"farming",
				"mining",
				#"lightindustry",
				"battlestation",
				"heavybatteries",
				"patrolhq",
			],
		},
	],
}



