id,trigger,conditions,script,text,options,ARCHIVE
#Parkapec,,,,,,
flavorTextMarketGrozel,TradePanelFlavorText,"$global.tradePanelMode == MARKET
$faction.id == luddic_church
$market.id == grozel score:100
$stability > 4","AddText ""A large and beautiful market swirling with colours is displayed before you. You would never expect so many of Luddic Church faith to embark on a journey of such sin. As to sell mobile devices, television screens, compositions of synthetic flowers. Paintings of nudity, war and cataclysms. Traditional weapons such as swords and rapiers. Neoclassical armours. Even substances to some extent. For example, you are free to purchase hallucinogenic mushrooms farmed in the station's massive aquaponic halls. But all of this is watched from above."" marketFlavorTextColor
AddText ""A mysterious group of shades with glowing red eyes. The many elements of mafia are interwoven into the here society's fabric. But in the end they all serve the one and true Ludd. And all of this is just means to an end. And it will perhaps one day vanish, once that end is reached. When the Knights finally descend upon this place and force their rigour upon it."" marketFlavorTextColor",,,
flavorTextMarkeGrozelUnstable,TradePanelFlavorText,"$global.tradePanelMode == MARKET
$faction.id == luddic_church
$market.id == grozel score:100","AddText ""It's quiet today. Or maybe every day. There is no one about at all. There are a few markets, but only of the essentials. You see groups of strange men with weapons walking around. And soon you spot a great mechanised trooper with a massive jetpack. He wields an anti-materiel rifle, as if a tank where to bust through a nearby wall. You see an old lady purchasing vegetables from a young man. He smiles back to her as she says hello in a language you don't understand."" marketFlavorTextColor",,,
bar_descGrozel,BarPrintDesc,"$faction.id == luddic_church
$market.id == grozel score:100",,"Subtle synthetic music was beating from the stereo system somewhere out here. Members of Luddic Church intently discussed philosophy whilst sipping champaign. Meanwhile a group of robed figures watched them whilst drinking tea and sharing a piece of a giant chocolate cake you saw on display when entering. You see outsiders. People dressed in clothing that was clearly not made here. They had guns in their holsters. But they were afraid. A person wearing a suit was watching you from above for a moment, before disappearing in the dark.",,"There was no music. Just void. There was alcohol displayed behind the counter. A man with a shotgun was standing by the entrance. You looked around. Few figures. And the one that you noticed the most was a man. A strange man wearing a suit. This time he was staring at you for a good couple of seconds, before disappearing."
,,,,,,
flavorTextMarketLamar,TradePanelFlavorText,"$global.tradePanelMode == MARKET
$faction.id == hegemony
$market.id == lamar score:100","AddText ""A line of hangars lie before you. And there are ships here. Obviously. Along soldiers, crewmen. Etc. The windows leading outside display an endless haze and darkness. Nothing. But looking up, you see some light. What was the light? A ship parked above or the sun? Or the other sun? Who knows?"" marketFlavorTextColor",,,"AddText ""A line of hangars lie before you. And there are ships here. Obviously. Along soldiers, crewmen. Etc. The windows leading outside display an endless haze and darkness. Nothing. But looking up, you see some light. What was the light? A ship parked above or the sun? Or the other sun? Who knows?"" marketFlavorTextColor"
bar_descLamar,BarPrintDesc,"$faction.id == hegemony
$market.id == lamar score:100",,"Those who move about the ruins hidden in the endless dunes of devoid of life Lamar spend their nights cuddling or ranting. You see sofas, comfortable chairs, low wooden tables. Dim displays show images of historic Hegemony figures or ships. A picture of an Onslaught hanging above an Eventide city bathing in dark for example. Or previous High Hegemon shaking hands with a Luddic Church leader wearing thick robes, who was later revealed to be both a murderer and a pedophile. The barman was a bearded man who was chewing intensely a piece of gum. Which was most likely some organic rubber imported from Jangala. A world of quite fame here. Behind him is a row of whiskey bottles. A huge coffee maker. And before him laid a swarm of croissants and other dough or flour produce.",,Lights were even dimmer than usual. Singular figures drinking alcohol replaced old couples or groups of friends. The barman watched you with some distain before shifting to a patient given-up look.
,,,,,,
flavorTextMarketMarko,TradePanelFlavorText,"$global.tradePanelMode == MARKET
$faction.id == hegemony
$market.id == marko score:100","AddText ""A stockpiling installation underwater rested in a moving location in the middle of nowhere. Literally. As this whole planet was the middle of nowhere. Orange lights and orange suits walked around. You saw suspicious figures as well as white-dressed individuals who were from some middle class or perhaps dressed nicely for their economical status. A group of university students were listening to a soldier of some sort yap about things. Explaining how important it is to maintain an antimatter canister. Even though technically it isn't."" marketFlavorTextColor",,,"AddText ""You travel to a secret boat that leads you to a secret underwater base where ships are still stationed. There aren't many of them. But there are a few. You are constantly watched by a person who seems to hate life or is generally tired. You see a group of soldiers wearing power armour with miniguns or large plasma rifles. They seem to be intensely arguing over something. When suddenly their captain barks something through their audio system which could not be comprehended even by an Alpha-level artificial intelligence core."" marketFlavorTextColor"
bar_descMarko,BarPrintDesc,"$faction.id == hegemony
$market.id == marko score:100
$stability > 4",,A boat moved in the middle of the sea. The gentle waves pushed it. You watched the gas giant move up in the sky. It was a strange sight. Quite strange indeed. You had to wear a mask to protect your eyes and lungs from the inconsistent atmosphere. The one that kills humans quite easily. Nothing to breath. You enter back into the bar. And you see smiling fat friends. Joking about things. Whilst drinking tea and devouring fish along strange blue greenery. The fruits of the depths. Near the bar is a group of women. Talking loudly. Dressed in manly clothing. And to your side you see a member of your crew staring in depression at the table ahead of him. Waiting for his meal to be served.,,
bar_descMarkoUnstable,BarPrintDesc,"$faction.id == hegemony
$market.id == marko score:100",,You see an ugly poorly-dressed barman staring at you from behind a counter. As if it were a place to drink in hell. The outside world was quiet. Very few boats. And they seemed to be capable of submering themselves in case something goes south. In the bar was absolutely no one. Then you feel someone nudging you. You turn around. A suspicious figure invites you to take a ride on their boat. The boat submerges and soon you find yourself in a location thousands of meters below the ocean's surface. And there in a utilitarian facility. People dwell.,,
,,,,,,
flavorTextMarketNewBebop,TradePanelFlavorText,"$global.tradePanelMode == MARKET
$faction.id == luddic_church
$market.id == new_bebop score:100","AddText ""The innards of the space station you were on were strangely rustic. Black and orange gentle cloth rugs muted the sound of clean boots a GCR guard wore. His white armour reflected the blue sunlight. And his heavy CP carbine clanked awkwardly."" marketFlavorTextColor",,,
bar_descNewBebop,BarPrintDesc,"$faction.id == luddic_church
$market.id == new_bebop score:100",,The station's cantina looked through the glass window directly down into the abyss below. You imagined endless seas of just nothing. Not even the incomprehensible dark of Volturn compared. It was something else entirely. Fog. Death. Darkness. A hell. It's so odd that they would choose to make a monastery in worship of universe above something so inherently disturbing.,,"There was no music. Just void. There was alcohol displayed behind the counter. A man with a shotgun was standing by the entrance. You looked around. Few figures. And the one that you noticed the most was a man. A strange man wearing a suit. This time he was staring at you for a good couple of seconds, before disappearing."
,,,,,,
#Cappucinno,,,,,,
flavorTextMarketGumbat,TradePanelFlavorText,"$global.tradePanelMode == MARKET
$faction.id == tritachyon
$market.id == gumbat score:100
$stability > 4","AddText ""A massive dome under which laid a huge market. A variety of goods being displayed. Individuals running around. Wearing suits. Wearing armour. Officer attire. There were also spacers. Dressed in things that did not quite made sense here. The shine of the brown dwarf was pinkish, but mostly dim. Lights enlightened you from certain places. Huge neon signs. Screens displaying ships. News. A restaurant without tables was calling someone to pick their order."" marketFlavorTextColor",,,"AddText ""The station was filled with life. Trees would grow in this simulated gravity inside areas of nothing. Individuals wearing aesthetic attire would pass you as you watched the distant star of dark grant you this delicate touch of heat. With its invisible hands. The surface of the planet was beneath you. And it reflected the light with some vividity. But soon enough you turned your eyes towards the many screens. And the people behind them. Trying to sell you products you might not need."" marketFlavorTextColor

AddText ""A massive dome under which laid a huge market. A variety of goods being displayed. Individuals running around. Wearing suits. Wearing armour. Officer attire. There were also spacers. Dressed in things that did not quite made sense here. The shine of the brown dwarf was pinkish, but mostly dim. Lights enlightened you from certain places. Huge neon signs. Screens displaying ships. News. A restaurant without tables was calling someone to pick their order."" marketFlavorTextColor"
flavorTextMarkeGumbatUnstableUNUSED,TradePanelFlavorText,,"AddText ""Instead of taking place in the shine of the brown dwarf. The station descended. Covers were raised. Acid was raining. The sound of winds and droplets hitting the structure echoed across the place. Creating a feeling of unease. You noticed a group of Tri-Tachyon operatives watching you. But soon they turned their eye towards something else. And a bit less sooner they exited the room."" marketFlavorTextColor",,,"AddText ""It was dark in here. The covers were down. The shields were up. Tri-Tachyon operatives or mercenary soldiers were seen walking in the shadows. Lights shined. Screens did too, but there were images of horrible things going on all around. Something was obviously very wrong. And you knew what it was. But at that very moment it didn't matter."" marketFlavorTextColor"
bar_descGumbatUNUSUED,BarPrintDesc,,,The bar you were in was an establishment that moved around the planet like a ship. Because it was a ship. It was in fact a heavily shielded shuttle designed for patrolling the atmosphere. It moved around. Showing toxic landscape below as some sort of an exotic sight occasionally. But mostly it stayed above. The white surface of clouds was something beautiful to look at.,,Some bars were below the surface. The surface of the infinite clouds. But this one overlooked them instead. You were far up. Far up even above the main cities. Looking over this all. You saw structures. You saw clouds. You saw the quasi-sunset. It was all so incredibly beautiful.
bar_descGumbatUnstableUNUSED,BarPrintDesc,,,"Instead of looking at the endless sky. The bar was set some distance above the surface. Looking through the haze, you saw the perplexed landscape. It was still quite cosy in here. The light of the brown dwarf barely reached down here. It was diffused. Odd. And soon complete darkness ascended. You felt safe here.",,
,,,,,,
flavorTextMarketGrabuz,TradePanelFlavorText,"$global.tradePanelMode == MARKET
$faction.id == independent
$market.id == grabuz score:100","AddText ""A quite large nonsensical station hanged far up in the sky of what constituted nothing but sky. You hear people mumbling something quietly. It seemed as if they were speaking in an alien language. An individual of some sort was staring at you from the darkness. You realised it was a sex worker by her attire."" marketFlavorTextColor",,,"AddText ""A quite large nonsensical station completely devoid of people hanged far up in the sky of what constituted nothing but sky. You hear people mumbling something quietly. It seemed as if they were speaking in an alien language. An individual of some sort was staring at you from the darkness. You realised it was a sex worker by her attire. And then she disappeared. That's how life was in here. Like nothing. Nothing to do. Just void. A few thousand people. They all knew each other. The goods they sold were worthless. And the lives they led were probably too. And yet you feel deep inside that that might be the true meaning of life. And that might be the one thing that might make one happy."" marketFlavorTextColor"
bar_descGrabuz,BarPrintDesc,"$faction.id == independent
$market.id == grabuz score:100",,"Arriving on the ice giant, barely anything is happening here. Just nonsense. And in the bar was quite the same. The view outside was just darkness. Clouds. Stars. The universe was shining out there. And inside the bar was dark. And there was this smell of strange alcohol in the air. You contemplated your life in this atmosphere for a moment, before resuming.",,
,,,,,,
#Morokoon,,,,,,
flavorTextMarketYendore,TradePanelFlavorText,"$global.tradePanelMode == MARKET
$faction.id == persean
$market.id == yendore score:100
$stability > 4","AddText ""Surrounding you were towers. And in the middle of a desert. As all places here were the middle of a desert, laid parked ships. And further away were huge markets. Amazing locations. In the distance you could see defensive structures erect to look into the sky. Purging the mind of worry. They served a purpose as to be ready for when the massive pirate armadas arrive. Persean League servicemen swarmed the area eventually when a titanic capital ship landed on a distant hill. And from it a dozen buses arrived."" marketFlavorTextColor",,,"AddText ""The station was filled with life. Trees would grow in this simulated gravity inside areas of nothing. Individuals wearing aesthetic attire would pass you as you watched the distant star of dark grant you this delicate touch of heat. With its invisible hands. The surface of the planet was beneath you. And it reflected the light with some vividity. But soon enough you turned your eyes towards the many screens. And the people behind them. Trying to sell you products you might not need."" marketFlavorTextColor"
flavorTextMarketYendoreUnstable,TradePanelFlavorText,"$global.tradePanelMode == MARKET
$faction.id == persean
$market.id == yendore score:100","AddText ""Dozens of patrols could be seen moving around the empty desert as you moved closer towards the landing site of the market designated for you. And when you were there things seemed normal. Tall towers stood about. People were moving. Things were sold. But you noticed something was off. A massive structure seemed to move within itself. A network of projectiles could emerge from it at any moment. It looked like a lung of a massive beast."" marketFlavorTextColor",,,"AddText ""It was dark in here. The covers were down. The shields were up. Tri-Tachyon operatives or mercenary soldiers were seen walking in the shadows. Lights shined. Screens did too, but there were images of horrible things going on all around. Something was obviously very wrong. And you knew what it was. But at that very moment it didn't matter."" marketFlavorTextColor"
bar_descYendore,BarPrintDesc,"$faction.id == persean
$market.id == yendore score:100",,"The bars here were many and varied, depending on where you would arrive. Some of them were blue inside. Having this aquatic feel to them. But not aquatic as in tanks of water filled with fish. But rather the kind you would associate with houses built by the ancient Mediterranean sea of old Earth. Long before its massive ultra industrialization. And even longer before its loss. The others were simply black. And inside moody music played. And other ones were bright white and exposed to the sun. A wide glassy wall stood near you. And as you looked out through it, you could see the beautiful sands go all the way to the horizon.",,
,,,,,,
flavorTextMarketPhagocyte,TradePanelFlavorText,"$global.tradePanelMode == MARKET
$faction.id == sindrian_diktat
$market.id == gyas_a score:100","AddText ""It felt funny. Who would bring a ship here just to sell it on the market inside the atmosphere of a fire giant. Incredible noise came from the outside. There were no windows. And you could just imagine the boiling steel that went on around. All around. And yet things here were quite moody. The incredible Sindrian Diktat logo shined as a holographic display. You stared at it hypnotized."" marketFlavorTextColor",,,
bar_descPhagocyte,BarPrintDesc,"$faction.id == sindrian_diktat
$market.id == gyas_a score:100",,"The bar here, just like the rest of the station was dark and moody. The music that played was intense. With extreme synthetic percussion playing at breakneck speeds. You saw robed and armoured figures. All of them talking really quietly. You think to yourself. A drink from the menu catches your attention. It's called Andrada's Fall & Rise. And it has enough alcohol to power a car.",,
,,,,,,
flavorTextMarketDermit,TradePanelFlavorText,"$global.tradePanelMode == MARKET
$faction.id == persean
$market.id == frozone_a score:100","AddText ""Veins of frozen methane concluded on a building the size of several capital ships that sprawled towards all directions. Its radars, launchers and landing pads displaying themselves in pride. Once inside. You see a market. A place of neon signs and holographic display. Ads blasting your ears. Hundreds of people talking loudly over each other. There was something so relaxing about it."" marketFlavorTextColor",,,
bar_descDermit,BarPrintDesc,"$faction.id == persean
$market.id == frozone_a score:100",,A haunted place built beneath thick layers of ice was by the incredible ocean below. The transparent floor showed it to you. You got there by a huge elevator. Well fortified and immune to all the radiation. You saw the blackness beneath.,,
,,,,,,
#Syzygy,,,,,,
flavorTextMarketGagner,TradePanelFlavorText,"$global.tradePanelMode == MARKET
$faction.id == luddic_church
$market.id == gagner score:100","AddText ""A massive hole in the ceiling opened inviting a group of shuttles. And around were pipes, industrial installations and then entrances into deeper parts further underground. And once you were there. A network of shops."" marketFlavorTextColor",,,"AddText ""A massive hole in the ceiling opened inviting a group of shuttles. And around were pipes, industrial installations and then entrances into deeper parts further underground. And once you were there. A network of shops."" marketFlavorTextColor

AddText ""A cafe filled with old computers on which Luddic Church citizens were right now playing ancient video games. In fact it seemed like they had a tournament played on LAN. The crowd cheered loudly at some point. But you were distracted by some black-skinned individual who turned out to be a fashionably dressed woman. She met your gaze for a moment. Before rolling her eyes and continuing towards a wondrous art exhibit of some sort. Displaying clothing styles from all across the Persean Sector."" marketFlavorTextColor"
flavorTextMarketGagnerUnstableUNUSED,TradePanelFlavorText,,"AddText ""Deep inside the station just many lights shined. And there were groups of soldiers and even machines that seemed to be staring around in search of danger. One of the pipes near a shop was blasted open by some sort of an unpredictable pressure release. And another shop seemed to be at some point on fire. But now it was nothing but ash and emptiness. A Luddic Church citizen was sleeping on a bench. A blanket was covering his body."" marketFlavorTextColor",,,"AddText ""Deep inside the station just many lights shined. And there were groups of soldiers and even machines that seemed to be staring around in search of danger. One of the pipes near a shop was blasted open by some sort of an unpredictable pressure release. And another shop seemed to be at some point on fire. But now it was nothing but ash and emptiness. A Luddic Church citizen was sleeping on a bench. A blanket was covering his body."" marketFlavorTextColor"
bar_descGagner,BarPrintDesc,"$faction.id == luddic_church
$market.id == gagner score:100",,"Large structure was built inside a wall. And when you entered it, you felt a wave of humidity hit against your face. Pools of water were about. And... Ducks? Were swimming inside them. A child was sitting on a tall chair. Watching you. Meanwhile a group of soldiers who were on their break were drinking rice tea. Thinking to themselves. Before continuing their discussion in a language you couldn't understand.",,The strangest part of the bar was a massive holographic figure dancing and singing on the stage. Instruments played. Her voice was quite annoying at first. But soon you got used to it. You watched people who seemed shady enter or leave. And the barman was a woman of significant height with a bald head. Next to her hanged a screen displaying in dim colours mountains of Eochu Bres.
,,,,,,
flavorTextMarketMemory,TradePanelFlavorText,"$global.tradePanelMode == MARKET
$faction.id == independent
$market.id == memory score:100
$stability > 4","AddText ""Large bunker of sorts was buried deep in the ice. Lights shined towards all directions. You enter it. And after a few minutes of walking through the convoluted structure, you are welcomed by the sight of a magnificent trade market inside a dark dingy room. With a massive hologram of Gilead shining above it all for aesthetic purposes."" marketFlavorTextColor",,,
flavorTextMarketMemoryUnstable,TradePanelFlavorText,"$global.tradePanelMode == MARKET
$faction.id == independent
$market.id == memory score:100","AddText ""Turrets turned around periodically, looking for objects in the sky. Soldiers of various looks hulked around in their power armour or stealth suits. Or personal shielding outfits. A local CEO gave you a look. You notice he is wearing a backpack. This backpack was equipped with a tiny laser drone that would shoot down an incoming bullet if someone dared to shoot him."" marketFlavorTextColor

AddText ""The massive hall you were in still shined beautifully however. Places here were rich in products. But at the same time you felt like something was going on in the shadows. Something that was just outside your field of view. Like a monster waiting for you to slip into a realm of dream."" marketFlavorTextColor",,,
bar_descMemory,BarPrintDesc,"$faction.id == independent
$market.id == memory score:100",,The bar was a massive structure within a structure that was further underground. Lava lamps and jazz tunes were creating a beautiful composition of tranquillity. The barman was a beautiful masculine woman talking with an old individual who was thoroughly augmented to prevent himself from dying. Most likely of dementia. You could see his skull. You could see his eyes. He wasn't human anymore. And he spoke with a voice that was so raspy. It reminded you of volcanoes. He was hopeless. He fought against life more intensely than gravity against the end of the universe. Perhaps you had too much to drink.,,The strangest part of the bar was a massive holographic figure dancing and singing on the stage. Instruments played. Her voice was quite annoying at first. But soon you got used to it. You watched people who seemed shady enter or leave. And the barman was a woman of significant height with a bald head. Next to her hanged a screen displaying in dim colours mountains of Eochu Bres.
,,,,,,
#Moronia,,,,,,
flavorTextMarketVaanita,TradePanelFlavorText,"$global.tradePanelMode == MARKET
$faction.id == independent
$market.id == vaanita score:100
$stability > 4","AddText ""Large electric pylons could be seen outside. Connecting burrowed installations. Towers of lightning ready to strike foes from the sky stand on hills far far away. Luddic Church members watch you. From a safe distance. Meanwhile people of various kinds gather within the space of a massive depot. Gazing at holograms that display abstract shapes."" marketFlavorTextColor",,,
flavorTextMarketVaanitaUnstable,TradePanelFlavorText,"$global.tradePanelMode == MARKET
$faction.id == independent
$market.id == vaanita score:100","AddText ""Lights were turned off. Red signs shined around the cold bitter landscape. Combat shuttles moved about. You turned around. To see the face of an armoured person stalking you. He proceeded to subtly waddle back like a penguin. The area buzzed with the work of ventilation shafts. Singular figures move quietly about. Talking whispers as if in a dream."" marketFlavorTextColor",,,
bar_descVaanita,BarPrintDesc,"$faction.id == independent
$market.id == vaanita score:100",,"Entering the bar, you receive the scent of smoke. Individuals gathered around long endless wooden tables. A great painting was displayed behind a glass panel. A massive statue of a horse with flames going behind it. What did it represent? You'll never know.",,The strangest part of the bar was a massive holographic figure dancing and singing on the stage. Instruments played. Her voice was quite annoying at first. But soon you got used to it. You watched people who seemed shady enter or leave. And the barman was a woman of significant height with a bald head. Next to her hanged a screen displaying in dim colours mountains of Eochu Bres.
,,,,,,
#Abin Cresc,,,,,,
flavorTextMarketDenyza,TradePanelFlavorText,"$global.tradePanelMode == MARKET
$faction.id == luddic_church
$market.id == denyza score:100
$stability > 4","AddText ""Camels, elephants and horses were around a massive congregation of people Individuals displaying things subtly on their TriPads measured each other with glances of being impressed. Ships would occasionally pass you all by from the top."" marketFlavorTextColor",,,"AddText ""Camels, elephants and horses were around a massive congregation of people Individuals displaying things subtly on their TriPads measured each other with glances of being impressed. Ships would occasionally pass you all by from the top. Landing in the middle of nowhere. And then groups of people would arrive. You buy an apple (apple analogue). It tastes really good."" marketFlavorTextColor

AddText ""You look up in the sky and realise something. Being out here with very little technology. The galaxy is clearly seen. And the desert atmosphere being dry exposes its beauty to you. Stars shined intensely."" marketFlavorTextColor"
flavorTextMarketDenyzaUnstable,TradePanelFlavorText,"$global.tradePanelMode == MARKET
$faction.id == luddic_church
$market.id == denyza score:100","AddText ""You meet by the sea. Surrounded from all sides by towers. People ready to disappear at any moment. The towers weren't permanent. Nor man-made. They were massive tree barks feeling the salty sea. These things had leaves that went all about. Massive earthquakes refused to touch them. They watched you. They watched you intently."" marketFlavorTextColor",,,
bar_descDenyza,BarPrintDesc,"$faction.id == luddic_church
$market.id == denyza score:100",,"The bar were tents. Instead of there being served alcohol. They served ""strange sap juice"". It was bitter.",,"The bar were tents by the sea. Instead of there being served beer. They served strange sap juice. You would call it. It was bitter. But it was also extremely nutritious. And delicious. Only an idiot would come up with something like this. Because only an idiot would be smart enough to try. You pause and watch a group of monks argue intensely over something. Before one of them punches the other one in the face. But after some more arguing. They give each other a hug.

The bar were tents. Instead of there being served beer. They served strange sap juice. You would call it. It was bitter. But it was also extremely nutritious. And delicious. Only an idiot would come up with something like this. Because only an idiot would be smart enough to try. You pause and watch a group of monks argue intensely over something. Before one of them punches the other one in the face. But after some more arguing. They give each other a hug."
,,,,,,
flavorTextMarketMaronia,TradePanelFlavorText,"$global.tradePanelMode == MARKET
$faction.id == independent
$market.id == maronia score:100","AddText ""The market was put into a large dome of sorts. Individuals who didn't look like anything were loudly talking with echo beating around the place with amazing intensity. Individuals with weapons along scarily looking combat machinery were eyeing you as you passed. As you look around, you realise it was in fact an old Domain-era trade hall. It has not fallen apart just yet. It hasn’t been refurbished that well either. With gentle cracks in the ceiling having been repaired with industrial foam."" marketFlavorTextColor",,,
bar_descMaronia,BarPrintDesc,"$faction.id == independent
$market.id == maronia score:100
$stability > 4",,The highest level of an old skyscraper was now occupied by a suspicious-looking establishment. A view stared out towards the non-existent sunset that would be born if not for the lack of atmosphere. Instead the shine simply disappeared behind the horizon. Besides that there were ruins all below. A silence of sorts was there.,,The strangest part of the bar was a massive holographic figure dancing and singing on the stage. Instruments played. Her voice was quite annoying at first. But soon you got used to it. You watched people who seemed shady enter or leave. And the barman was a woman of significant height with a bald head. Next to her hanged a screen displaying in dim colours mountains of Eochu Bres.
bar_descMaroniaUnstable,BarPrintDesc,"$faction.id == independent
$market.id == maronia score:100",,The highest level of an old skyscraper was now occupied by a suspicious-looking establishment. A view stared out towards the non-existent sunset that would be born if not for the lack of atmosphere. Instead the shine simply disappeared behind the horizon. Besides that there were ruins all below. You swear you could see subtle bursts of light signalling combat occurring somewhere out there.,,The strangest part of the bar was a massive holographic figure dancing and singing on the stage. Instruments played. Her voice was quite annoying at first. But soon you got used to it. You watched people who seemed shady enter or leave. And the barman was a woman of significant height with a bald head. Next to her hanged a screen displaying in dim colours mountains of Eochu Bres.
,,,,,,
#Vancouver,,,,,,
flavorTextMarketBrumingham,TradePanelFlavorText,"$global.tradePanelMode == MARKET
$faction.id == luddic_church
$market.id == brumingham score:100","AddText ""Large barren wastelands were interrupted by strange lines hiding military installations. Shuttles and vessels moved about. To occasionality disappear and appear out of nowhere. You arrive to trade in a large city of sorts. Its lights were for a moment blinding you. The great star shined out there. Its radiation intense."" marketFlavorTextColor",,,
flavorTextMarketBruminghamUnstableUNUSED,TradePanelFlavorText,,"AddText ""Vast defensive structures were active and watching. With shuttles and gunships passing around. Things just exploded randomly somewhere far far away. You weren't sure what that noise was. And when you finally land. A group of armed soldiers arrive to search you, before being distracted by someone very loudly shouting at them."" marketFlavorTextColor",,,
bar_descBrumingham,BarPrintDesc,"$faction.id == luddic_church
$market.id == brumingham score:100",,The bar was filled with noise of loud conversation. It was clearly segregated between the people who were once the rulers of this colony. And the people who were now. The soldiers on their break. They talked. And then they stopped talking when they saw someone suspicious enter the room. Then they went back to talking.,,The strangest part of the bar was a massive holographic figure dancing and singing on the stage. Instruments played. Her voice was quite annoying at first. But soon you got used to it. You watched people who seemed shady enter or leave. And the barman was a woman of significant height with a bald head. Next to her hanged a screen displaying in dim colours mountains of Eochu Bres.
,,,,,,
flavorTextMarketAbrahamNewelles,TradePanelFlavorText,"$global.tradePanelMode == MARKET
$faction.id == independent
$market.id == abraham_newelles score:100","AddText ""Completely dark establishment deep underground. Groups of people looking sad watched you. You looked different than everyone else. This place rarely got visitors. And when it did, they were not impressed. Nothing was here. Just a large amount of tables with some weapons. Goods. Food. And behind that all was a bureau with a mediocre selection of ships."" marketFlavorTextColor",,,
bar_descAbrahamNewelles,BarPrintDesc,"$faction.id == independent
$market.id == abraham_newelles score:100",,Individuals around you were often dead drunk. Completely absent from the place they were in. You drank a bit of that alcohol they had. And it was so incredibly strong. Kind of... Good. Actually. The food was also really well done. Eggs. Of birds. Things were quite decent here all things considered. The ceiling shined with white light. A singular cactus absorbed the sun of a purple lamp.,,The strangest part of the bar was a massive holographic figure dancing and singing on the stage. Instruments played. Her voice was quite annoying at first. But soon you got used to it. You watched people who seemed shady enter or leave. And the barman was a woman of significant height with a bald head. Next to her hanged a screen displaying in dim colours mountains of Eochu Bres.
,,,,,,
#No Bono,,,,,,
flavorTextMarketNull,TradePanelFlavorText,"$global.tradePanelMode == MARKET
$faction.id == persean
$market.id == planet_null score:100","AddText ""An enormous structure that hanged suspended by cables rose above the surface on a large balloon. Overlooking the desert landscape. Shuttles came and went, with larger ones being parked in the clouds. Waiting."" marketFlavorTextColor",,,"AddText ""The station was filled with life. Trees would grow in this simulated gravity inside areas of nothing. Individuals wearing aesthetic attire would pass you as you watched the distant star of dark grant you this delicate touch of heat. With its invisible hands. The surface of the planet was beneath you. And it reflected the light with some vividity. But soon enough you turned your eyes towards the many screens. And the people behind them. Trying to sell you products you might not need."" marketFlavorTextColor"
bar_descNull,BarPrintDesc,"$faction.id == persean
$market.id == planet_null score:100",,Tiny metallic structure on wheels shined lights on the slowly raising sands. It was by a massive mountain that was sharp. Standing at several kilometres out of nowhere. As if spawned from thin air by a mysterious force.,,
,,,,,,
flavorTextMarketFameless,TradePanelFlavorText,"$global.tradePanelMode == MARKET
$faction.id == sindrian_diktat
$market.id == fameless score:100
$stability > 4","AddText ""Individuals of all kinds were about the area. Persean League traders from various complicated worlds. Independent traders hearing of extreme wealth coming from this relatively barren world. And the strangest of all. Restaurants serving native greenery which was as disgusting as it looked. Yellow or green brine with leaves that seemed as if they were made from plastic foam."" marketFlavorTextColor",,,
flavorTextMarketFamelessUnstable,TradePanelFlavorText,"$global.tradePanelMode == MARKET
$faction.id == sindrian_diktat
$market.id == fameless score:100","AddText ""Sindrian Diktat soldiers were swarming the area. Red shuttles were landing and leaving at a quick pace. The tower that observed it all was far far away. The darkness was here in all its majesty. As the enormous black symbol of Sindrian Diktat was hovering over all the shops as a holographic display coming from a loudly buzzing machine."" marketFlavorTextColor",,,