star_orange_giant,star_red_giant,star_red_supergiant,star_red_dwarf,star_orange,star_yellow,star_browndwarf,star_white,star_blue_giant,star_blue_supergiant,star_neutron,black_hole,binary,trinary,id,type,category,frequency,habOffsetMin,habOffsetMax,habOffsetYOUNG,habOffsetAVERAGE,habOffsetOLD,YOUNG,AVERAGE,OLD,tags,probOrbits,minOrbits,maxOrbits,minRadius,maxRadius,minColor,maxColor,cat_giant,cat_cryovolcanic,cat_lava,cat_irradiated,cat_toxic,cat_hab1,cat_hab2,cat_hab3,cat_hab4,cat_frozen,cat_barren,lagrange,in_asteroids,is_moon
,,,,,,,,,,,,,,,CATEGORY,cat_barren,8,,,,,,,,,,,,,,,,,,,,,,,,,,,,,,0
,,,,,,,,,,,,,,barren,PLANET,cat_barren,2,-2,100,,,,,,,,0,,,80,100,220 220 220,255 255 255,,,,,,,,,,,,,,0
,,,,,,,,,,,,,,barren_castiron,PLANET,cat_barren,2,-2,100,,,,,,,,0,,,80,100,220 220 220,255 255 255,,,,,,,,,,,,,,0
,,,,,,,,,,,,,,barren_venuslike,PLANET,cat_barren,2,-2,100,,,,,,,,0,,,80,100,240 240 230,255 255 255,,,,,,,,,,,,,,0
,,,,,,,,,,,,,,barren2,PLANET,cat_barren,2,-2,100,,,,,,,,0,,,80,100,220 220 220,255 255 255,,,,,,,,,,,,,,0
,,,,,,,,,,,,,,barren3,PLANET,cat_barren,2,-2,100,,,,,,,,0,,,80,100,220 220 220,255 255 255,,,,,,,,,,,,,,0
,,,,,,,,,,,,,,,CATEGORY,cat_cryovolcanic,2,,,,,,2,,0.5,,,,,,,,,,,,,,,,,,,,,,
,,,,,,,,,,,,,,,CATEGORY,cat_frozen,8,,,,,,,,,,,,,,,,,,,,,,,,,,,,,,
,,,,,,,,,,0,,,,,CATEGORY,cat_giant,8,,,,,,2,,0.5,,,,,,,,,,,,,,,,,,,,,,
,,,,,,,,,,,,,,fire_giant,PLANET,cat_giant,10,-100,-2,,,,,,,,0,,,250,300,75 0 62,109 0 91,0,0,0,0,0,0,0,0,0,0,0,0,0,0
,,,,,,,,,,,,,,,CATEGORY,cat_hab1,4,,,,,,,,,,,,,,,,,,,,,,,,,,,,,,
,,,,,,,,,,,,,,,CATEGORY,cat_hab2,8,,,,,,2,,0.5,,,,,,,,,,,,,,,,,,,,,,
,,,,,,,,,,,,,,,CATEGORY,cat_hab3,8,,,,,,2,,0.5,,,,,,,,,,,,,,,,,,,,,,
,,,,,,,,,,,,,,,CATEGORY,cat_hab4,4,,,,,,,,,,,,,,,,,,,,,,,,,,,,,,
,,,,,,,,,,,,,,,CATEGORY,cat_hab5,2,,,,,,,2,,,,,,,,,,,,,,,,,,,,,,,
,,,,,,,,,,,,,,,CATEGORY,cat_irradiated,2,,,,,,,,,,,,,,,,,,,,,,,,,,,,,,
,,,,,,,,,,,,,,,CATEGORY,cat_lava,4,,,,,,2,,0.5,,,,,,,,,,,,,,,,,,,,,,
,,,,,,,,,,256,,,,,CATEGORY,cat_magfield,8,,,,,,,,,,,,,,,,,,,,,,,,,,,,0,0,
,,,,,,,,,,,,,,magnetic_field,TERRAIN,cat_magfield,10,,,,,,,,,"first_orbit_only, not_NEBULA_unless_moon",,,,,,,,,,,,,,,,,,,,,
,,,,,,,,,,,,,,,CATEGORY,cat_nothing,64,,,,,,,,,,,,,,,,,,,,,,,,,,,,,,
0,0,0,0,0,0,0,0,0,0,0,,,,,CATEGORY,cat_terrain_accretion,1024,,,,,,,,,,,,,,,,,0,0,0,0,0,0,0,0,0,0,0,0,0,0
,,,,,,,,,,,,,,accretion_disk,TERRAIN,cat_terrain_accretion,10,,,,,,,,,"first_orbit_only, not_NEBULA_unless_moon",,,,,,230 230 230,255 255 255,,,,,,,,,,,,,,
,,,,,,,,,,,,,,,CATEGORY,cat_terrain_lagrange,32,,,,,,0.5,,2,,,,,,,,,,,,,,,,,,,,,,
,,,,,,,,,,,,,,asteroid_field,TERRAIN,cat_terrain_lagrange,10,-2,100,,,,,,,lagrange_only,,,,,,,,,,,,,,,,,,,,,
,,,,,,,,,,,,,,nebula_small,TERRAIN,cat_terrain_lagrange,10,-2,100,,,,,,,"lagrange_only, not_in_nebula",,,,,,,,,,,,,,,,,,,,,
,,,,,,,,,,,,0,0,,CATEGORY,cat_terrain_rings,32,,,,,,0.5,,2,,,,,,,,,,,,,,,,,,,,0,0,0
,,,,,,,,,,,,,,rings_nothing,TERRAIN,cat_terrain_rings,0,,,,,,,,,,,,,,,,,,,,,,,,,,,,0,,
,,,,,,,,,,,,,,ring_ice,TERRAIN,cat_terrain_rings,4,1,100,,,,,,,not_NEBULA_unless_moon,,,,,,230 230 230,255 255 255,,,,,,,,,,,,,,
,,,,,,,,,,,,,,ring_special,TERRAIN,cat_terrain_rings,2,1,100,,,,,,,not_NEBULA_unless_moon,,,,,,230 230 230,255 255 255,,,,,,,,,,,,,,
,,,,,,,,,,,,,,asteroid_belt,TERRAIN,cat_terrain_rings,2,-2,100,,,,,,,not_NEBULA_unless_moon,,,,,,,,0,0,0,0,0,0,0,0,0,0,0,0,0,0
,,,,,,,,,,,,,,ring_dust,TERRAIN,cat_terrain_rings,4,-2,100,,,,,,,not_NEBULA_unless_moon,,,,,,230 230 230,255 255 255,,,,,,,,,,,,,,
,,,,,,,,,,,,,,,CATEGORY,cat_toxic,8,,,,,,2,,0.5,,,,,,,,,,,,,,,,,,,,,,
,,,,,,,,,,,,,,rocky_metallic,PLANET,cat_barren,2,-3,0,,,,,,,,0.95,1,1,100,180,220 220 220,255 255 255,0,0,0,0,0,0,0,0,0,0,0,0,0,0
,,,,,,,,,,,,,,rocky_unstable,PLANET,cat_barren,2,-3,0,,,,,,,,0.95,1,1,100,180,230 230 230,255 255 255,0,0,0,0,0,0,0,0,0,0,0,0,0,0
,,,,,,,,,,,,,,barren-bombarded,PLANET,cat_barren,4,-3,0,,,,,,,,0.95,1,1,100,180,220 220 220,255 255 255,0,0,0,0,0,0,0,0,0,0,0,0,0,0
,,,,,,,,,,,,,,rocky_ice,PLANET,cat_barren,16,2,100,,,,,,,,0.95,1,1,100,180,220 240 250,255 255 255,,,,,0,0,0,0,0,0,0,0,0,0
,,,,,,,,,,,,,,frozen,PLANET,cat_frozen,10,2,100,,,,,,,,0.95,1,1,100,180,200 220 230,255 255 255,,,,,0,0,0,0,0,0,0,0,0,0
,,,,,,,,,,,,,,frozen1,PLANET,cat_frozen,10,2,100,,,,,,,,0.95,1,1,100,180,200 220 230,255 255 255,,,,,0,0,0,0,0,0,0,0,0,0
,,,,,,,,,,,,,,frozen2,PLANET,cat_frozen,10,2,100,,,,,,,,0.95,1,1,100,180,200 220 230,255 255 255,,,,,0,0,0,0,0,0,0,0,0,0
,,,,,,,,,,,,,,frozen3,PLANET,cat_frozen,10,2,100,,,,,,,,0.95,1,1,100,180,200 220 230,255 255 255,,,,,0,0,0,0,0,0,0,0,0,0
,,,,,,,,,,,,,,barren-desert,PLANET,cat_hab1,10,-1,2,,,,,,,,0.95,1,1,100,180,240 220 230,255 255 255,,,,,0,0,0,0,0,0,0,0,0,0
,,,,,,,,,,,,,,desert,PLANET,cat_hab2,10,-2,1,,,,,,,,0.95,1,1,100,180,240 220 230,255 255 255,0,0,0,0,0,0,0,0,0,0,0,0,0,0
,,,,,,,,,,,,,,desert1,PLANET,cat_hab2,10,-2,1,,,,,,,,0.95,1,1,100,180,240 220 230,255 255 255,0,0,0,0,0,0,0,0,0,0,0,0,0,0
,,,,,,,,,,,,,,terran-eccentric,PLANET,cat_hab3,2,1,2,,,,,,,,0.95,1,1,100,180,220 240 230,255 255 255,,,,,0,0,0,0,0,0,0,0,0,0
,,,,,,,,,,,,,,water,PLANET,cat_hab3,4,-1,1,,,,,,,,0.95,1,1,100,180,0 87 127,0 161 236,,,,,0,0,0,0,0,0,0,0,0,0
,,,,,,,,,,,,,,jungle,PLANET,cat_hab3,2,-1,1,,,,,,,,0.95,1,1,100,180,220 240 230,255 255 255,,,,,0,0,0,0,0,0,0,0,0,0
,,,,,,,,,,,,,,terran,PLANET,cat_hab4,10,0,0,,,,,,,,0.95,1,1,100,180,220 240 230,255 255 255,,,,,0,0,0,0,0,0,0,0,0,0
,,,,,,,,,,,,,,tundra,PLANET,cat_hab4,10,0,1,,,,,,,,0.95,1,1,100,180,200 230 240,255 255 255,,,,,0,0,0,0,0,0,0,0,0,0
,,,,,,,,,,,,,,arid,PLANET,cat_hab4,10,-1,0,,,,,,,,0.95,1,1,100,180,240 220 230,255 255 255,,,,,0,0,0,0,0,0,0,0,0,0
,,,,,,,,,,,,,,lava_minor,PLANET,cat_lava,10,-2,2,,,,,,,,0.95,1,1,100,180,220 220 220,255 255 255,0,0,0,0,0,0,0,0,0,0,0,0,0,0
,,,,,,,,,,,,,,toxic,PLANET,cat_toxic,10,-3,0,,,,,,,,0.95,1,1,110,150,220 220 220,255 255 255,0,0,0,0,0,0,0,0,0,0,0,0,0,0
,,,,,,,,,,,,,,toxic_cold,PLANET,cat_toxic,10,3,100,,,,,,,,0.95,1,1,110,150,220 220 220,255 255 255,,,,,0,0,0,0,0,0,0,0,0,0
,,,,,,,,,,,,,,cryovolcanic,PLANET,cat_cryovolcanic,10,2,100,,,,,,,,0.95,1,2,150,180,200 220 230,255 255 255,,0,0,0,0,0,0,0,0,0,0,0,0,0
,,,,,,,,,,,,,,water_giant,PLANET,cat_giant,10,-1,1,,,,,,,,0.95,1,2,180,240,150 230 230,255 255 255,0,0,0,0,0,0,0,0,0,0,0,0,0,0
,,,,,,,,,,,,,,ice_giant,PLANET,cat_giant,10,2,100,,,,,,,,0.95,1,2,180,240,58 66 171,58 137 171,0,0,0,0,0,0,0,0,0,0,0,0,0,0
,,,,,,,,,,,,,,gas_giant,PLANET,cat_giant,10,-1,4,,,,,,,,0.95,1,4,250,300,180 160 150,255 255 255,0,0,0,0,0,0,0,0,0,0,0,0,0,0
,,,,,,,,,,,,,,irradiated,PLANET,cat_irradiated,10,3,100,,,,,,,,0.95,1,2,150,180,220 220 220,255 255 255,0,0,0,0,0,0,0,0,0,0,0,0,0,0
,,,,,,,,,,,,,,lava,PLANET,cat_lava,10,-100,-3,,,,,,,,0.95,1,2,150,180,220 220 220,255 255 255,0,0,0,0,0,0,0,0,0,0,0,0,0,0