{
	"star_neutron":{
		"name":"Neutron Star",
		"tilt":36,
		"pitch":144,
		"rotation":180,
		"planetColor":[252,171,255,255],
		"atmosphereThickness":1,
		"atmosphereThicknessMin":0.2,
		"atmosphereColor":[252,171,255,255],
		"texture":"graphics/planets/star_white.jpg",
		"icon":"graphics/warroom/icon_star.png",
		"iconColor":[170,190,255,255],
		"starCoronaSprite":"graphics/fx/star_halo.png",
		"starCoronaColor":[252,171,255,255],
		"starCoronaSizeMult":5.12,
		"isStar":true,
		"isPulsar":true,
		"lightPosition":[0,0,10],
		"cloudTexture":"graphics/planets/clouds_terran02.png",
		"cloudColor":[252,171,255,255],
		"cloudRotation":270,
	},
	"black_hole":{
		"name":"Black Hole",
		"tilt":-45,
		"pitch":-90,
		"rotation":2,
		"planetColor":[0,0,0,200],
		"atmosphereThickness":1,
		"atmosphereThicknessMin":0,
		"atmosphereColor":[250,176,67,255],
		"texture":"graphics/planets/star_white.jpg",
		"icon":"graphics/icons/blackhole.png",
		"starscapeIcon":"graphics/starscape/blackhole.png",
		"iconColor":[100,60,100,255],
		"starCoronaSprite":"graphics/fx/star_halo.png",
		"starCoronaColor":[250,113,67,255],
		"starCoronaSizeMult":5.12,
		"isStar":true,
		"isBlackHole":true,
		"scaleMultMapIcon":2.5,
		"scaleMultStarscapeIcon":2.5,
		"lightPosition":[0,0,10],
	},
	"star_blue_giant":{
		"name":"Blue Giant",
		"tilt":4,
		"pitch":-16,
		"rotation":30.5,
		"planetColor":[42,93,115,255],
		"atmosphereThickness":0.2,
		"atmosphereThicknessMin":10,
		"atmosphereColor":[225,237,242,255],
		"texture":"graphics/planets/star_blue.jpg",
		"icon":"graphics/warroom/icon_star.png",
		"iconColor":[127,190,255,255],
		"starCoronaSprite":"graphics/fx/star_halo.png",
		"starCoronaColor":[225,237,242,255],
		"starCoronaSizeMult":5.12,
		"isStar":true,
		"lightPosition":[0,0,10],
		"cloudTexture":"graphics/planets/clouds_banded01.png",
		"cloudColor":[225,237,242,255],
		"cloudRotation":33,
	},
	"star_blue_supergiant":{
		"name":"Blue Supergiant",
		"tilt":-8,
		"pitch":2,
		"rotation":61,
		"planetColor":[57,84,117,255],
		"atmosphereThickness":0.2,
		"atmosphereThicknessMin":10,
		"atmosphereColor":[199,220,245,255],
		"texture":"graphics/planets/star_blue.jpg",
		"icon":"graphics/warroom/icon_star.png",
		"iconColor":[127,190,255,255],
		"starCoronaSprite":"graphics/fx/star_halo.png",
		"starCoronaColor":[199,220,245,255],
		"starCoronaSizeMult":5.12,
		"isStar":true,
		"lightPosition":[0,0,10],
		"cloudTexture":"graphics/planets/clouds_banded01.png",
		"cloudColor":[199,220,245,255],
		"cloudRotation":66,
	},
	"water_giant":{
		"name":"Water Giant",
		"tilt":20,
		"pitch":2,
		"rotation":-2,
		"planetColor":[57,100,170,255],
		"atmosphereThickness":0.5,
		"atmosphereThicknessMin":62,
		"atmosphereColor":[12,255,245,200],
		"texture":"graphics/planets/volturn.jpg",
		"icon":"graphics/warroom/icon_planet.png",
		"iconColor":[12,255,245,255],
		"isStar":false,
		"isGasGiant":true,
		"lightPosition":[0,0,10], # in planet radii.  Not used for stars.  z > 0 is above the playing field.
		"cloudTexture":"graphics/planets/clouds_terran01.png", # omit for no cloud layer
		"cloudColor":[80,64,128,100],
		"cloudRotation":-12, # degrees/second, optional
	},
	"fire_giant":{
		"name":"Fire Giant",
		"tilt":-10,
		"pitch":-15,
		"rotation":-13,
		"planetColor":[117,0,98,255],
		"atmosphereThickness":0.2,
		"atmosphereThicknessMin":10,
		"atmosphereColor":[202,67,180,200],
		"texture":"graphics/planets/gas_giant.jpg",
		"icon":"graphics/warroom/icon_planet.png",
		"iconColor":[202,67,180,255],
		"isStar":false,
		"isGasGiant":true,
		"lightPosition":[5,-2,3],
		"cloudTexture":"graphics/planets/clouds_banded01.png",
		"cloudColor":[202,67,180,50],
		"cloudRotation":-15,
	},
	"water":{
		"name":"Ocean",
		"aOrAn":"an",
		"tilt":12,
		"pitch":5,
		"rotation":-15,
		"planetColor":[0,110,161,255],
		"atmosphereThickness":0.2,
		"atmosphereThicknessMin":62,
		"atmosphereColor":[171,206,245,130],
		"texture":"graphics/planets/volturn.jpg",
		"icon":"graphics/warroom/icon_planet.png",
		"iconColor":[45,98,174,255],
		"isStar":false,
		"lightPosition":[-10,-10,1],
		"cloudTexture":"graphics/planets/clouds_banded01.png",
		"cloudColor":[200,200,200,100],
		"cloudRotation":-10,
	},

	"star_browndwarf":{
		"name":"Brown Dwarf",
		"tilt":-1,
		"pitch":-20,
		"rotation":-18,
		"planetColor":[54,35,36,255],
		"atmosphereThickness":0.4	,
		"atmosphereThicknessMin":0,
		"atmosphereColor":[181,29,35,255],
		"texture":"graphics/planets/brown_dwarf.jpg",
		"icon":"graphics/warroom/icon_star.png",
		"iconColor":[181,29,35,255],
		"starCoronaSprite":"graphics/fx/star_halo.png",
		"starCoronaColor":[181,29,35,255],
		"starCoronaSizeMult":5.12,
		"isStar":true,
		"lightPosition":[0,0,10],
		"cloudTexture":"graphics/planets/clouds_terran01.png",
		"cloudColor":[181,29,35,50],
		"cloudRotation":-20,
	},
	"toxic_cold":{
		"name":"Toxic",
		"tilt":2,
		"pitch":4,
		"rotation":-6,
		"planetColor":[255,255,255,255],
		"atmosphereThickness":0.2,
		"atmosphereThicknessMin":0,
		"atmosphereColor":[54,164,255,255],
		"texture":"graphics/planets/toxic_atmosphere.jpg",
		"icon":"graphics/warroom/icon_planet.png",
		"iconColor":[255,235,100,255],
		"isStar":false,
		"lightPosition":[-10,-10,1],
		"cloudTexture":"graphics/planets/clouds_terran03.png",
		"cloudColor":[255,255,255,20],
		"cloudRotation":-8,
	},
	"toxic":{
		"name":"Toxic",	
		"tilt":1,
		"pitch":-3,
		"rotation":-4,
		"planetColor":[255,255,255,255],
		"atmosphereThickness":0.2,
		"atmosphereThicknessMin":10,
		"atmosphereColor":[255,255,255,255],
		"texture":"graphics/planets/venus.jpg",
		"icon":"graphics/warroom/icon_planet.png",
		"iconColor":[255,235,100,255],
		"isStar":false,
		"lightPosition":[-10,-10,1],
		"cloudTexture":"graphics/planets/clouds_terran01.png",
		"cloudColor":[255,255,255,255],
		"cloudRotation":-6,
	},
	"rocky_unstable":{ #Cruor
		"name":"Rocky Unstable",
		"tilt":0,
		"pitch":0,
		"rotation":-3,
		"planetColor":[192,179,143,255],
		"atmosphereThickness":0.2,
		"atmosphereColor":[103,77,107,255],
		"texture":"graphics/planets/rocky-unstable.jpg",
		"icon":"graphics/warroom/icon_planet.png",
		"iconColor":[134,111,79,255],
		"isStar":false,
		"lightPosition":[-7,1,10],
		"cloudTexture":"graphics/planets/clouds_banded01.png",
		"cloudColor":[150,145,133,155],
		"cloudRotation":-5,
	},
	
	"star_orange_giant":{
		"name":"Orange Giant",
		"aOrAn":"an",
		"tilt":2,
		"pitch":-22,
		"rotation":-6,
		"planetColor":[235,159,245,255],
		"atmosphereThickness":0.1,
		"atmosphereThicknessMin":0,
		"atmosphereColor":[245,159,159,255],
		"texture":"graphics/planets/star_orange.jpg",
		"icon":"graphics/warroom/icon_star.png",
		"iconColor":[245,159,159,255],
		"starCoronaSprite":"graphics/fx/star_halo.png",
		"starCoronaColor":[245,159,159,255], #235, 159, 245 <-> 207, 159, 245
		"starCoronaSizeMult":5.12,
		"isStar":true,
		"lightPosition":[0,0,10],
		"cloudTexture":"graphics/planets/clouds_terran01.png",
		"cloudColor":[255,255,255,100],
		"cloudRotation":-3,
	},
}